0.708990, -0.153233
-0.280124, 0.339214
0.012362, 0.717209
-0.485567, -0.576920
0.693511, 0.034617
-0.168127, -0.736658
-0.109458, 0.250167
0.878358, 0.302337
0.317672, 0.474864
0.776468, 0.436149
-0.495987, -0.009695
0.041300, 0.252765
-1.168103, -0.435169
-0.710047, 0.383647
0.392396, 0.596249
0.907813, 0.292457
0.065315, 0.344294
-0.462265, 0.295900
0.028615, -1.214959
-0.779983, 0.157175
-0.110119, 0.556221
-0.104583, -0.299216
0.401246, 1.224486
0.843174, -0.708722
0.004568, -0.454628
-0.105654, -0.337229
1.467458, -0.474653
-0.255033, -0.430946
0.420960, 0.310866
0.171303, -0.461077
0.578450, 0.136452
0.321818, 0.328632
0.344224, -0.265041
0.243808, 0.501107
0.888074, -0.280874
-0.324317, 0.738023
-0.464706, 0.108737
-0.896305, -0.517199
0.434243, 0.290843
0.147688, -0.869248
0.207653, 0.059341
-0.050555, 0.922193
-0.825944, 0.106229
0.530640, 0.516339
-1.048026, -0.316576
-0.541989, 0.169096
0.584102, 0.514421
0.532761, 0.347256
0.796412, -0.750891
-0.502750, -0.529668
0.430023, 0.880419
-0.306340, -0.343643
-0.496928, 0.042947
-0.514780, 0.210417
0.937927, 0.440502
1.340486, -0.413166
0.389492, 0.277235
0.433687, 0.218287
-0.509677, -0.054716
0.175808, 0.600831
0.147377, -0.224105
-0.608447, 0.003045
0.049128, -0.147485
0.797651, 0.055248
0.463114, 0.234622
0.536252, 0.227573
-0.607580, -0.293961
0.334033, 0.455033
0.045329, -0.317869
-0.480824, 0.021328
-0.002216, -0.087379
0.776544, -0.004439
0.483889, 0.055553
0.874832, 0.618972
-0.507712, 0.004982
0.341343, 0.210435
-1.334439, -0.683829
-0.631785, 0.370349
0.418908, 0.888329
0.995373, 0.511656
0.522270, 0.230406
-0.306774, 0.246962
0.251367, -0.939515
-0.694795, 0.277472
-0.171009, 0.346640
-0.199873, -0.397530
0.529020, 1.557505
1.190753, -0.605464
0.253987, -0.400521
-0.050800, -0.418059
1.488743, -0.065873
-0.154820, -0.173588
0.395158, 0.166166
0.195301, -0.489129
0.894118, 0.303807
0.576644, 0.300465
0.613043, -0.137541
0.246412, 0.404040
0.721637, -0.039382
-0.223443, 0.818266
-0.665006, 0.075345
-0.805845, -0.401591
0.763747, 0.452104
0.124702, -0.571583
0.399246, 0.010347
-0.014447, 0.883783
-1.043683, 0.115792
0.608527, 0.483449
-1.459761, -0.363206
-0.179620, 0.425700
0.739726, 0.626986
0.505099, 0.577390
1.061252, -0.683698
-0.475018, -0.552872
0.247460, 0.683905
-0.303800, -0.535546
-0.763947, -0.057474
-0.258069, 0.543063
0.944493, 0.484796
1.471729, -0.341530
0.578599, 0.451281
0.465777, 0.198600
-0.376784, -0.122743
0.185993, 0.639725
0.057196, -0.460053
-0.463841, 0.334382
0.174893, -0.289312
1.050851, 0.038132
0.501045, 0.319535
0.453021, 0.112963
-0.635752, -0.162673
0.270556, 0.654829
0.071678, -0.525967
-0.413746, 0.173975
0.122267, -0.351983
1.018941, -0.068487
0.377824, 0.074933
0.852564, 0.362230
-0.579967, 0.016190
0.399440, 0.248032
-1.305285, -0.704977
-0.386262, 0.576895
0.489275, 0.646373
0.917262, 0.607068
0.381369, 0.107998
-0.206082, 0.284931
0.155033, -1.216759
-0.603333, 0.123058
-0.151341, 0.338560
0.042418, -0.100965
0.490833, 1.247902
1.090497, -0.379196
0.150312, -0.482790
0.025308, -0.351823
1.444226, -0.401794
-0.116465, -0.263082
0.402625, 0.130599
0.294225, -0.287838
0.666341, 0.068495
0.565952, 0.278345
0.580603, -0.198548
0.233932, 0.286422
0.896642, -0.145857
-0.163245, 0.996711
-0.499770, -0.055540
-0.721206, -0.251113
0.506963, 0.192629
0.127944, -0.744521
0.381385, 0.091290
-0.149718, 0.788280
-1.059766, 0.127092
0.569542, 0.807226
-1.148814, -0.470097
-0.168162, 0.386135
0.574619, 0.301876
0.406214, 0.464709
0.951236, -0.719428
-0.501584, -0.610764
0.009918, 0.624688
-0.231217, -0.287873
-0.598912, -0.104508
-0.042310, 0.438453
0.821944, 0.289085
1.282797, -0.332942
0.517952, 0.286336
0.341521, 0.165679
-0.561521, -0.450991
0.337242, 0.688216
0.035763, -0.515266
-0.280169, 0.323155
-0.060068, -0.390729
0.841466, 0.080790
0.440341, 0.273946
0.402207, 0.143602
-0.513519, -0.467512
0.470155, 0.684799
0.029590, -0.479892
-0.337814, 0.203125
-0.076261, -0.469321
0.931367, -0.038263
0.420952, 0.059567
0.817057, 0.448439
-0.434441, -0.034786
0.465174, 0.503625
-1.169233, -0.774160
-0.448771, 0.590204
0.441496, 0.477086
1.091242, 0.551936
0.285736, 0.190885
-0.463325, 0.108396
0.126298, -1.017933
-0.508439, 0.344567
-0.010928, 0.308746
-0.076097, -0.112005
0.489202, 1.024265
1.178439, -0.454139
0.084020, -0.520591
-0.119966, -0.537383
1.344827, -0.376065
0.115546, -0.215730
0.530297, 0.168693
0.333505, -0.115987
0.795625, -0.154273
0.533014, 0.478214
0.529060, -0.172204
0.210406, 0.245962
0.656019, -0.330340
0.102039, 0.777803
-0.482025, 0.045565
-0.588322, -0.014609
0.620101, -0.040446
0.107635, -0.624556
0.346562, -0.001181
-0.169555, 0.778732
-1.024551, -0.152322
0.823970, 0.573060
-1.294924, -0.601407
-0.300594, 0.656737
0.783688, 0.225856
0.653908, 0.551916
0.916407, -0.743767
-0.505909, -0.792969
0.243490, 0.620296
-0.047851, -0.440768
-0.562754, -0.216037
-0.359528, 0.557295
1.019365, 0.032157
1.604058, -0.409168
0.240647, 0.402336
0.233987, -0.073303
-0.542549, -0.295402
0.416775, 0.693420
0.216941, -0.512696
-0.590668, 0.457076
0.166291, -0.687501
1.056157, 0.057692
0.243175, 0.337303
0.400886, -0.053978
-0.634147, -0.355020
0.454922, 0.597925
0.130785, -0.461246
-0.520086, 0.386935
0.244728, -0.696330
0.934299, 0.119060
0.273867, 0.064478
0.921832, 0.407804
-0.681731, -0.147383
0.504882, 0.174775
-1.193681, -0.759173
-0.474456, 0.790042
0.615140, 0.369006
0.959270, 0.724663
0.313466, 0.087739
-0.337593, 0.123898
0.090538, -1.195896
-0.520668, 0.122181
-0.082983, 0.316162
-0.132003, 0.108876
0.606383, 1.074242
1.265805, -0.381255
0.158771, -0.445219
0.023958, -0.502233
1.316321, -0.430914
0.064091, -0.187085
0.528949, -0.042181
0.222308, -0.186424
0.975176, -0.180320
0.740790, 0.372470
0.574012, -0.004935
0.257829, 0.131604
0.672992, -0.186457
0.018140, 0.905798
-0.454894, -0.149006
-0.709528, -0.088235
0.826236, 0.081124
0.165571, -0.707808
0.297990, 0.217452
-0.147694, 0.663899
-1.215164, -0.137367
0.790466, 0.675059
-1.334887, -0.632641
-0.218825, 0.697623
1.004638, 0.324878
0.457623, 0.625157
0.938420, -0.644680
-0.530245, -0.781185
0.030284, 0.493123
-0.149341, -0.537789
-0.816565, -0.202714
-0.153794, 0.600069
1.187550, 0.324825
1.466799, -0.244949
0.378498, 0.445748
0.445440, 0.087701
-0.583023, -0.518408
0.400343, 0.576080
0.017139, -0.536963
-0.380042, 0.624925
0.267090, -0.468966
1.037887, 0.206709
0.381944, 0.277153
0.420737, 0.089217
-0.492639, -0.331372
0.348415, 0.651158
0.017724, -0.590828
-0.407457, 0.460463
0.265649, -0.499540
1.203336, 0.041934
0.349464, 0.044175
0.912310, 0.275089
-0.629047, -0.072708
0.443204, 0.240597
-1.233879, -0.832307
-0.450789, 0.855687
0.668157, 0.447669
1.210830, 0.677763
0.358428, 0.258782
-0.263892, 0.006192
-0.042451, -1.373392
-0.556560, 0.204010
-0.080732, 0.317074
0.020344, 0.265738
0.734037, 1.073088
1.253017, -0.166842
0.157025, -0.380548
0.092244, -0.549381
1.230001, -0.751463
-0.010789, -0.369123
0.423396, 0.088785
0.496116, -0.070026
1.053652, -0.090189
0.700220, 0.553949
0.452385, -0.094560
0.421114, 0.278142
0.728333, -0.662339
-0.065375, 0.685228
-0.626466, -0.030752
-0.577777, 0.024361
0.750151, 0.059572
0.271639, -0.636141
0.317121, 0.120197
-0.018191, 0.694813
-0.953258, -0.391650
0.595710, 0.657785
-1.162303, -0.532774
-0.244810, 0.688893
0.814356, 0.230784
0.638967, 0.663957
0.784225, -0.772134
-0.393818, -0.792927
0.278288, 0.312921
-0.226676, -0.325646
-0.520742, -0.144172
-0.177157, 0.590047
1.089327, 0.104673
1.521324, -0.292454
0.279552, 0.357559
0.504771, 0.081547
-0.602532, -0.565582
0.272057, 0.645162
0.208692, -0.340045
-0.334623, 0.490137
0.056357, -0.526592
0.856644, 0.206235
0.316809, 0.265177
0.606823, 0.198908
-0.695187, -0.775629
0.290383, 0.536123
0.072654, -0.472238
-0.294167, 0.394635
0.086890, -0.401915
0.940911, 0.195743
0.391179, 0.005521
1.069788, 0.543116
-0.689316, -0.681009
0.438128, 0.207066
-1.210922, -0.816521
-0.259574, 0.736975
0.451027, 0.567372
1.026275, 0.706295
0.406270, 0.202655
-0.278412, 0.244963
0.181795, -1.642878
-0.568680, 0.293076
0.097157, 0.272232
0.052316, -0.079512
0.489521, 1.149287
1.230997, -0.371616
0.216908, -0.500293
0.014487, -0.532048
1.438227, -0.826553
-0.038804, -0.091577
0.583193, 0.061412
0.316085, -0.416402
0.837016, -0.064898
0.663701, 0.391874
0.484008, -0.132859
0.361648, 0.183747
0.710456, -0.784504
0.045909, 0.886523
-0.437111, 0.024126
-0.509215, -0.173239
0.701474, 0.032378
0.044478, -0.571610
0.339800, 0.011619
-0.209725, 0.724156
-0.943556, -0.708364
0.786040, 0.636881
-1.223382, -0.475492
-0.164976, 0.751444
0.798923, 0.428625
0.384165, 0.748226
0.915305, -0.895404
-0.528002, -0.628616
0.234480, 0.025214
-0.187678, -0.591363
-0.681776, -0.169175
-0.296688, 0.596417
1.065899, 0.268826
1.558138, -0.265155
0.328495, 0.288567
0.449767, 0.060759
-0.421681, -0.844511
0.387389, 0.535927
0.218785, -0.463486
-0.488634, 0.617109
0.049748, -0.473489
1.120180, 0.190091
0.344747, 0.256088
0.555762, 0.066717
-0.535049, -0.853119
0.370117, 0.603882
0.185297, -0.534601
-0.562045, 0.352556
0.272120, -0.632947
1.156617, 0.202817
0.391199, 0.045288
1.065199, 0.319129
-0.741163, -0.668076
0.624579, 0.153919
-1.172074, -0.744485
-0.488464, 0.657155
0.686723, 0.367473
1.133277, 0.706302
0.274251, 0.208449
-0.263588, 0.060964
0.061247, -1.952744
-0.460498, -0.145623
0.059618, 0.429187
-0.161311, 0.068821
0.663005, 1.135333
1.206684, -0.205024
0.089917, -0.479169
0.096512, -0.540983
1.453148, -1.048954
0.016494, -0.528039
0.474548, 0.112008
0.123265, -0.205135
0.932175, -0.066522
0.748824, 0.494106
0.404293, -0.279543
0.547810, 0.213447
0.819846, -0.892032
0.083950, 0.664238
-0.409977, -0.077958
-0.863292, -0.152387
0.819864, 0.023776
0.355999, -0.665071
0.214875, 0.098398
0.069984, 0.834468
-1.021141, -0.527520
0.675321, 0.627337
-1.143659, -0.555249
-0.494330, 0.682223
0.954467, 0.178504
0.611171, 0.677200
0.857457, -0.686343
-0.280769, -0.633468
0.079928, 0.031694
-0.081754, -0.511455
-0.571238, -0.123358
-0.244089, 0.630241
1.369585, 0.120593
1.414618, -0.147650
0.386163, 0.342955
0.619804, 0.200104
-0.724243, -1.031900
0.546541, 0.410233
0.125797, -0.435439
-0.291347, 0.633893
0.281431, -0.418343
0.877371, 0.246427
0.471298, 0.473229
0.664621, 0.243183
-0.667752, -0.992037
0.417084, 0.419355
0.109303, -0.534593
-0.352520, 0.532223
0.368717, -0.434809
1.091542, 0.234093
0.426095, 0.127086
1.064301, 0.399577
-0.618008, -0.674551
0.485459, 0.176568
-1.372988, -0.936051
-0.359711, 0.674635
0.749957, 0.540707
1.186306, 0.686656
0.451611, 0.385910
-0.261224, 0.006573
0.177702, -1.702584
-0.506148, 0.162145
-0.103943, 0.327154
0.010883, 0.258896
0.747617, 1.314286
1.185612, -0.245664
0.133766, -0.331101
0.099597, -0.493975
1.313063, -0.919096
-0.110621, -0.446248
0.399611, 0.180003
0.475719, -0.119096
1.106058, -0.023436
0.682993, 0.592491
0.579986, -0.150620
0.583716, 0.399514
0.675379, -0.858963
-0.128482, 0.578082
-0.685043, -0.026659
-0.502181, 0.097987
0.878064, 0.173621
0.236168, -0.475361
0.365645, 0.261941
0.095631, 0.930433
-0.987667, -0.695784
0.685811, 0.401846
-1.326532, -0.549307
-0.017136, 1.009324
0.958855, 0.289848
0.600694, 0.774432
1.014634, -0.724893
-0.262498, -0.643788
0.262512, 0.149425
-0.269543, -0.520247
-0.659396, -0.218421
-0.136502, 0.752657
1.273494, 0.139170
1.729988, -0.294293
0.543149, 0.430106
0.674595, -0.071614
-0.571292, -0.889537
0.332390, 0.472294
0.148150, -0.452815
-0.154443, 0.633463
0.206618, -0.551034
1.006386, 0.288370
0.435325, 0.390967
0.606063, 0.148110
-0.659832, -1.003171
0.305755, 0.511159
0.065387, -0.442482
-0.241772, 0.690584
0.273813, -0.545450
0.969418, 0.257440
0.358209, -0.019993
1.266979, 0.553684
-0.718525, -0.820508
0.335694, 0.038381
-1.368569, -0.829905
-0.215188, 0.898711
0.595033, 0.415606
1.052627, 0.739970
0.290856, 0.168757
-0.017757, 0.247349
0.267869, -1.834929
-0.607111, 0.071383
0.034326, 0.359472
0.174338, 0.269157
0.506426, 1.180437
1.212286, -0.285555
0.113162, -0.358117
0.226215, -0.422907
1.604370, -0.899952
-0.205283, -0.188394
0.617554, 0.102097
0.349573, -0.102308
0.891828, -0.188318
0.692261, 0.463969
0.558753, -0.184747
0.602689, 0.305396
0.657873, -0.742007
-0.103944, 0.757394
-0.409140, -0.013686
-0.384302, -0.084921
0.670687, -0.070888
0.126191, -0.622937
0.364996, 0.197298
0.170633, 0.821193
-1.069298, -0.653290
0.735425, 0.571309
-1.206251, -0.428942
0.025010, 0.904189
0.723859, 0.296138
0.239232, 0.796720
1.014004, -0.696947
-0.262397, -0.550565
0.233214, 0.038643
-0.213952, -0.597581
-0.684748, -0.192621
0.068902, 0.672054
1.015577, 0.226549
1.482931, -0.290069
0.489949, 0.316714
0.716915, 0.196530
-0.484747, -0.951280
0.538154, 0.650443
0.169459, -0.522265
-0.115528, 0.543050
0.101739, -0.510742
0.970720, 0.166079
0.359933, 0.439131
0.488964, 0.082971
-0.435898, -0.718165
0.389086, 0.758682
0.240534, -0.509369
-0.251214, 0.493280
0.101345, -0.614082
1.145133, 0.105056
0.375784, 0.070334
1.089084, 0.340310
-0.610552, -0.458639
0.508465, 0.290006
-1.187220, -0.801504
-0.227584, 0.728379
0.647586, 0.391712
1.110960, 0.750037
0.262040, 0.085982
-0.104211, 0.196472
0.049670, -1.720470
-0.382722, 0.103594
0.006767, 0.440160
0.225377, 0.376220
0.484307, 1.043898
1.099159, -0.189410
0.226931, -0.357033
0.209443, -0.243059
1.534504, -0.834241
0.010232, -0.408773
0.606699, 0.212192
0.392540, 0.047344
0.869786, -0.194184
0.694356, 0.596446
0.535250, -0.218029
0.559827, 0.323048
0.739418, -0.633532
0.003148, 0.693539
-0.464713, -0.107600
-0.549234, -0.051448
0.783476, -0.146742
0.523014, -0.641038
0.319372, 0.178247
0.141378, 0.721859
-1.012148, -0.447592
0.859202, 0.637343
-1.028893, -0.480292
-0.103749, 0.965266
0.838955, 0.058540
0.711952, 0.691630
0.840715, -0.605996
-0.283222, -0.783515
0.131044, 0.298586
-0.094402, -0.558834
-0.517420, -0.165531
-0.126789, 0.751289
1.298766, -0.101752
1.621816, -0.218952
0.312979, 0.285503
0.749665, 0.084477
-0.686876, -0.683785
0.566713, 0.374979
0.143863, -0.396022
-0.300567, 0.637636
0.273455, -0.776699
1.102408, 0.205332
0.260269, 0.421011
0.740866, 0.125427
-0.551093, -0.712880
0.602332, 0.382266
0.239905, -0.413619
-0.254637, 0.698407
0.143644, -0.728041
0.973771, 0.281668
0.322926, 0.118746
1.321369, 0.491326
-0.554823, -0.236069
0.541664, 0.104654
-1.003380, -0.801687
-0.408241, 0.839506
0.747329, 0.209436
1.389742, 0.659865
0.207403, 0.100291
0.076879, 0.085000
-0.019646, -1.328458
-0.412287, 0.210134
0.126813, 0.307220
0.108437, 0.234950
0.763275, 0.838091
1.385027, -0.407623
0.087531, -0.235840
0.308703, -0.462132
1.294516, -0.536646
0.188497, -0.317187
0.687830, 0.176441
0.494707, 0.056103
1.115314, -0.327440
0.592646, 0.641131
0.606969, -0.017963
0.757547, 0.465837
0.402763, -0.508317
0.071212, 0.674714
-0.602343, -0.123465
-0.379379, -0.040203
0.956212, -0.114118
0.307872, -0.614613
0.466466, 0.251770
0.268134, 0.882822
-1.247935, -0.235542
0.907773, 0.468405
-1.288042, -0.639952
0.069088, 0.938624
0.875186, 0.226387
0.699557, 0.612244
0.989845, -0.508882
-0.282504, -0.666849
0.268447, 0.627840
-0.080963, -0.503522
-0.600165, -0.258033
-0.049064, 0.884642
1.375787, 0.016821
1.706284, -0.301602
0.424865, 0.515228
0.700916, 0.000165
-0.756064, -0.235620
0.481127, 0.616525
0.109358, -0.636028
-0.082791, 0.683261
0.356486, -0.788295
1.302223, -0.031775
0.399164, 0.479666
0.669575, -0.046527
-0.666560, -0.182902
0.525168, 0.635818
0.167057, -0.426592
-0.043610, 0.882762
0.305948, -0.746224
1.106411, 0.216354
0.295775, 0.252044
1.234935, 0.523900
-0.755951, -0.032723
0.504517, 0.107624
-1.309705, -0.786326
-0.058025, 1.117435
0.885649, 0.069399
1.308584, 0.835452
0.304366, 0.245105
0.129279, 0.231640
-0.143924, -1.260895
-0.434808, -0.061662
-0.104507, 0.201943
0.451097, 0.421095
0.776332, 0.847803
1.554349, -0.281518
0.107313, -0.254014
0.398871, -0.537357
1.358483, -0.328720
0.080919, -0.355172
0.631264, 0.026742
0.742028, 0.198141
1.070309, -0.433059
1.009588, 0.400879
0.494334, 0.030703
0.565853, 0.163683
0.662755, -0.027805
-0.033896, 0.880503
-0.468055, -0.121313
-0.260360, 0.093839
0.932309, -0.306716
0.572836, -0.719762
0.304811, 0.257636
0.315884, 0.699043
-1.270110, -0.062831
0.896785, 0.561677
-1.135356, -0.589876
0.215712, 1.008778
0.970231, -0.133745
0.734595, 0.625642
0.677064, -0.666377
-0.186590, -0.702435
0.080065, 0.601863
-0.121982, -0.681114
-0.600191, -0.180611
0.185553, 0.934130
1.108534, -0.045175
1.616715, -0.210508
0.239023, 0.383248
0.877635, 0.264545
-0.535606, -0.257016
0.319395, 0.570874
0.135871, -0.471956
-0.114497, 0.777331
0.196800, -0.834296
1.230889, 0.104151
0.278609, 0.456778
0.930009, 0.162642
-0.573805, -0.159993
0.383728, 0.652790
0.267318, -0.563626
-0.015600, 0.627918
0.144598, -0.936737
1.322262, 0.066790
0.306751, 0.183426
1.223360, 0.448638
-0.609950, 0.192908
0.462504, 0.390082
-1.095495, -0.893900
-0.018611, 0.885396
0.642517, 0.165945
1.324805, 0.732139
0.288037, 0.275483
0.096729, 0.135969
0.009073, -1.107874
-0.378964, 0.202684
0.076381, 0.397622
0.462785, 0.183711
0.746014, 0.786862
1.227698, -0.294167
0.109143, -0.390014
0.424239, -0.511142
1.289494, -0.450217
0.148485, -0.302283
0.525321, 0.156263
0.772355, -0.012959
0.837116, -0.333299
0.670971, 0.488446
0.480842, -0.119642
0.633382, 0.247739
0.767059, -0.200020
0.031402, 0.770598
-0.471701, -0.103433
-0.379161, 0.110018
0.693593, -0.093174
0.405681, -0.724632
0.260119, 0.134337
0.210844, 0.764803
-0.856854, -0.019745
0.840443, 0.754810
-1.133238, -0.607655
-0.021706, 0.764198
0.909385, 0.015726
0.768079, 0.480639
0.721048, -0.635468
-0.231881, -0.783341
0.306475, 0.918048
-0.164434, -0.380542
-0.506340, -0.176966
-0.050020, 0.706917
1.201739, -0.103485
1.775675, -0.402329
0.232136, 0.352696
0.770752, 0.101141
-0.511505, -0.149559
0.419084, 0.606985
0.210334, -0.472169
-0.215878, 0.660681
0.250646, -0.789538
1.153328, 0.249200
0.229980, 0.383072
0.947889, 0.105329
-0.721840, -0.214025
0.495659, 0.448170
0.170284, -0.490011
-0.194634, 0.547924
0.234050, -0.749841
1.195786, 0.251477
0.363266, 0.112567
1.373359, 0.459164
-0.592045, -0.082398
0.529424, 0.011701
-1.223120, -0.795792
-0.258909, 0.882644
0.634797, 0.300745
1.414693, 0.597715
0.303182, 0.296871
0.128005, 0.145879
0.228617, -1.100629
-0.411178, 0.072534
0.092057, 0.335208
-0.039300, 0.141727
0.709432, 0.896912
1.567744, -0.475721
0.075114, -0.343766
0.469700, -0.597795
1.485103, -0.237733
0.130803, -0.300082
0.724672, 0.046366
0.303474, -0.111215
1.119943, -0.350275
0.904213, 0.292131
0.257090, -0.101538
0.781655, 0.148050
0.712507, -0.081471
0.053840, 0.636563
-0.333942, -0.017893
-0.661122, -0.139976
0.963793, -0.175338
0.531175, -0.676475
0.164607, 0.175976
0.431721, 0.814246
-0.996159, -0.044093
0.823084, 0.331492
-1.086606, -0.459847
-0.174713, 0.706705
1.014401, 0.084971
0.727153, 0.636762
0.787468, -0.753826
0.030727, -0.526691
0.268374, 0.658662
0.009157, -0.720629
-0.389052, -0.228893
-0.106617, 0.636313
1.278041, 0.131889
1.632289, -0.347027
0.346357, 0.554655
1.057260, 0.246291
-0.520192, -0.138972
0.509934, 0.461181
0.425673, -0.431405
-0.381438, 0.497576
0.352199, -0.603857
1.459075, 0.150084
0.409202, 0.536245
1.007846, 0.082328
-0.540591, -0.064200
0.521608, 0.677627
0.333867, -0.632129
-0.318010, 0.353355
0.474949, -0.510025
1.347914, 0.078369
0.435191, 0.180654
1.499281, 0.399162
-0.684843, 0.116196
0.613125, 0.179087
-1.130094, -0.902695
-0.224235, 0.742759
0.931324, 0.563687
1.280769, 0.638804
0.342272, 0.293597
0.079394, 0.181549
0.086170, -1.004595
-0.517912, -0.094748
-0.089268, 0.230355
0.192137, -0.024636
0.894417, 1.275028
1.556531, -0.405574
0.328079, -0.266167
0.516746, -0.389454
1.477091, -0.363549
0.043926, -0.467754
0.307835, -0.068720
0.434483, -0.232719
1.184562, 0.110168
1.008504, 0.532492
0.508811, 0.013124
0.873683, 0.434962
0.796056, -0.042529
-0.051231, 0.631182
-0.525245, -0.099897
-0.628599, -0.096282
1.000061, 0.247852
0.715729, -0.718233
0.369996, 0.418855
0.407352, 0.942646
-0.935351, 0.413487
0.725777, 0.568403
-1.061977, -0.606900
-0.151468, 0.637761
1.095772, 0.379748
1.095437, 0.531401
0.761205, -0.456271
0.141072, -0.492378
0.017393, 0.957761
-0.166363, -0.577732
-0.596910, -0.242846
-0.067509, 0.523645
1.459507, 0.155876
1.899797, -0.312065
0.225930, 0.713452
1.316887, 0.417210
-0.655748, 0.052699
0.452697, 0.344923
0.082977, -0.499036
-0.203712, 0.411105
0.403753, -0.444993
1.308097, 0.172898
0.486153, 0.945893
1.225020, 0.616395
-0.745764, -0.184669
0.352963, 0.389163
0.339239, -0.790170
-0.223958, 0.442340
0.420573, -0.475606
1.395106, -0.017646
0.366624, 0.509064
1.697526, 1.020389
-0.692067, 0.439600
0.332342, -0.158187
-0.946824, -1.191737
-0.284021, 0.353062
0.630863, 0.540046
1.562848, 0.428971
0.218141, 0.238126
-0.085401, -0.040842
0.460283, -0.448846
-0.754206, 0.246314
-0.174779, 0.129850
-0.069583, -0.249219
0.310807, 1.354677
1.249121, -0.704851
0.106648, -0.402344
-0.149134, -0.597803
1.866259, 0.388323
-0.250843, -0.346320
0.454539, 0.042224
0.255392, -0.598649
0.467511, 0.144879
0.408033, 0.206248
0.663854, -0.253014
0.053011, 0.328533
1.140816, 0.261789
-0.221756, 0.843999
-0.613273, -0.132448
-0.727861, -0.432029
0.244853, 0.429509
-0.259208, -1.041821
0.371326, -0.021380
-0.240302, 0.863587
-0.617535, 0.288069
0.707354, 0.464184
-1.023566, -0.714877
-0.376987, 0.511994
0.358633, 0.762251
0.039567, 0.281621
1.044636, -0.743445
-0.649333, -0.537253
0.552375, 1.264857
-0.280850, -0.331217
-0.584779, -0.339204
-0.338736, 0.252207
0.709703, 0.448782
1.289906, -0.836939
0.341843, -0.057407
0.046902, -0.223668
-0.461217, 0.287608
0.568145, 0.694624
0.309084, -0.335747
-0.455183, 0.135252
-0.399226, -0.121076
0.580038, -0.289631
0.662757, 0.385768
0.125289, -0.029867
-0.382115, -0.041398
0.731144, 0.485924
0.267456, -0.452962
-0.359525, 0.124071
-0.281981, -0.128272
0.417941, -0.077374
0.463705, 0.070188
0.759875, 0.527387
-0.399093, 0.215056
0.738066, 0.269700
-1.298448, -0.751304
-0.413224, 0.294541
0.349353, 0.799040
0.589555, 0.481938
0.675009, 0.066047
-0.516612, 0.075352
0.235135, -0.862717
-0.436568, 0.066461
-0.084843, 0.363516
0.123745, -0.201193
0.153353, 1.722816
0.840252, -0.748034
0.320589, -0.498160
-0.381911, -0.725027
1.670383, 0.021822
0.249182, -0.048753
0.741689, 0.227325
0.070385, -0.440171
0.705139, 0.193579
0.115304, 0.133463
0.591626, -0.274470
0.097724, -0.017160
0.792994, 0.321790
0.001278, 0.921119
-0.538386, 0.120474
-0.901552, -0.553363
0.309265, 0.414186
-0.010363, -1.099589
0.376511, 0.278536
-0.519786, 0.624804
-1.134893, 0.443586
1.121393, 0.547501
-1.200843, -0.195235
-0.350706, 0.426896
0.589192, 0.652533
-0.000337, 0.429804
1.009457, -0.618628
-0.894598, -0.651418
0.343299, 1.012598
-0.097917, -0.743465
-0.838770, -0.057342
-0.288552, 0.518970
0.976753, 0.512353
1.159821, -0.351196
0.246293, 0.423385
0.277701, 0.295874
-0.475076, -0.039030
0.588585, 0.566148
0.110307, -0.334169
-0.493564, 0.332478
0.106377, -0.258133
0.741484, -0.147377
0.138924, 0.298694
0.345714, 0.161651
-0.578781, 0.093414
0.581540, 0.623084
0.035243, -0.329220
-0.592786, 0.269125
-0.071236, -0.277779
0.786498, -0.253253
0.464398, 0.109730
0.709306, 0.177102
-0.545633, 0.353630
0.744772, 0.453800
-1.260133, -0.739528
-0.571467, 1.026457
0.651812, 0.864860
0.606769, 0.747800
0.263483, 0.349799
-0.398114, 0.153374
0.163364, -0.828873
-0.602464, 0.196610
-0.148280, 0.427857
-0.104189, -0.113126
0.620626, 1.456932
1.065347, -0.466646
0.150835, -0.346975
-0.234354, -0.571647
1.400330, 0.037817
0.044529, -0.391507
0.648673, 0.431524
0.398478, -0.499441
0.756546, 0.087430
0.464781, 0.322993
0.453231, -0.177333
0.145581, 0.127145
0.752322, 0.073350
-0.000762, 0.762597
-0.476307, 0.153657
-0.932197, 0.005975
0.828485, 0.380443
-0.150408, -0.617727
0.096720, 0.160055
-0.381527, 0.991804
-1.023306, 0.220163
0.739236, 0.553004
-1.652366, -0.320712
-0.430582, 0.797261
0.745839, 0.523928
0.290810, 0.672770
0.695560, -0.681439
-0.582274, -0.547061
0.572487, 1.094556
-0.122017, -0.495348
-0.804697, -0.134373
-0.420230, 0.604568
1.015726, 0.580872
1.347414, -0.546698
0.217599, 0.263908
0.271988, -0.031809
-0.415710, 0.182580
0.349846, 0.581165
0.277687, -0.294290
-0.523202, 0.549432
-0.119516, -0.164862
0.751833, -0.024818
0.158616, 0.420224
0.365049, 0.079192
-0.491671, 0.207188
0.247482, 0.655681
-0.090229, -0.418315
-0.728170, 0.298431
0.147753, -0.142336
0.788126, 0.029214
0.157559, 0.170029
0.920613, 0.586213
-0.564793, 0.243740
0.526030, 0.248867
-1.767089, -0.516379
-0.370555, 0.652105
0.520406, 0.780008
0.714702, 0.667924
0.523514, 0.133837
-0.373900, 0.411455
0.209120, -1.130930
-0.568680, 0.136656
-0.261895, 0.528410
0.118062, 0.266974
0.476867, 1.701012
0.876861, -0.447991
0.547151, -0.259819
-0.300644, -0.450885
1.819131, -0.122423
-0.028440, -0.207947
0.463288, 0.231139
0.436126, 0.089470
0.827378, 0.402749
0.296260, 0.489399
0.405409, -0.198803
0.266638, 0.248755
0.952193, 0.134632
-0.342749, 0.994038
-0.873966, 0.024504
-0.343770, -0.236476
0.737788, 0.280133
0.078764, -0.937159
0.493050, 0.143278
-0.234336, 0.605591
-1.018529, 0.535879
0.726842, 0.498885
-1.602951, -0.415302
0.176256, 0.761643
0.747069, 0.716959
0.348187, 0.769513
1.168564, -0.670675
-0.627211, -0.752954
0.576916, 0.974436
-0.115155, -0.352961
-1.190471, 0.084937
-0.020018, 0.784504
0.900982, 0.524084
1.178671, -0.188074
0.690736, 0.427397
0.307737, 0.460609
-0.635281, -0.172705
0.275533, 0.544239
-0.483888, -0.530583
-0.136578, 0.410356
-0.190389, -0.040715
0.969121, 0.234357
0.491752, 0.334397
0.689598, 0.476895
-0.410981, -0.083914
0.262108, 0.694858
-0.056519, -0.537106
-0.079049, 0.680074
-0.153879, -0.206791
1.024339, 0.258010
0.473021, 0.189649
1.077069, 0.346725
-0.390065, 0.353761
0.384648, 0.378212
-1.265833, -0.998775
-0.202778, 0.882781
0.535445, 0.981091
1.036031, 0.534278
0.379988, 0.101948
-0.439870, -0.043050
0.193923, -0.902956
-0.750231, 0.229212
-0.563207, 0.395702
0.451158, -0.077406
0.421454, 1.463922
1.086433, -0.483203
0.241068, -0.451163
-0.164772, -0.456870
1.736061, -0.206061
-0.211478, -0.275707
0.395657, 0.065426
0.484125, -0.076891
0.716776, 0.331687
0.445745, 0.562207
0.753109, -0.012584
0.550170, 0.756054
1.080476, 0.155934
-0.008943, 0.808932
-1.024463, 0.008135
-0.305656, -0.210459
0.673777, 0.312549
0.089438, -0.633653
0.265533, 0.010699
-0.068685, 0.800975
-0.770196, 0.232120
0.808692, 0.669253
-1.367531, -0.669727
0.263959, 0.748240
0.485651, 0.706191
0.297775, 0.649216
1.131488, -0.551800
-0.386694, -0.511240
0.652615, 0.822962
-0.334941, -0.292452
-0.635006, -0.246460
0.148802, 0.763307
1.089380, 0.399038
1.226478, -0.289117
0.360843, 0.544677
0.535659, 0.175059
-0.549756, 0.002746
0.389363, 0.849672
-0.216801, -0.581269
-0.143474, 0.301309
-0.113898, -0.369103
0.880206, -0.123722
0.594578, 0.493857
0.337825, -0.014733
-0.377257, -0.284710
0.559193, 0.819473
-0.024639, -0.322831
0.106029, 0.587369
-0.289523, -0.235265
0.672084, -0.044303
0.696899, 0.226689
0.847751, 0.526468
-0.437759, -0.139438
0.708046, 0.391992
-1.492822, -0.838668
-0.092091, 0.866717
0.237151, 0.857925
0.729451, 0.772582
0.488242, 0.402183
-0.375676, 0.462025
0.271968, -1.033286
-0.594421, 0.030490
-0.269167, 0.318097
0.497822, -0.088501
0.313318, 1.515382
1.163764, -0.575583
0.175120, -0.496764
0.090488, -0.313132
1.634878, -0.283114
-0.072490, -0.150983
0.454629, 0.283346
0.745361, -0.328150
0.467379, -0.151917
0.512676, 0.259511
0.572778, -0.395773
0.154874, 0.255281
1.024293, 0.050612
0.021978, 1.079876
-0.785199, 0.047090
-0.403736, -0.233454
0.398457, 0.248971
-0.210208, -0.841636
0.281114, -0.047960
-0.274738, 0.808964
-1.010025, -0.004489
1.023152, 0.422354
-1.532458, -0.480270
0.073060, 0.707195
0.302956, 0.545566
0.110285, 0.650474
0.953943, -0.776853
-0.417594, -0.439729
0.447725, 0.573649
-0.035603, -0.575412
-0.744556, -0.112446
0.140246, 0.751615
0.790732, 0.235692
1.246452, -0.337058
0.234671, 0.180205
0.457184, 0.210525
-0.287974, -0.425998
0.671558, 0.814747
0.394028, -0.273756
-0.028443, 0.609406
-0.178768, -0.536043
0.703478, -0.251770
0.216798, 0.249695
0.236665, -0.043153
-0.381669, -0.286109
0.589717, 0.619825
0.589795, -0.354856
-0.353629, 0.620829
-0.010250, -0.549187
0.654033, -0.270415
0.447522, 0.024417
0.746246, 0.461022
-0.626195, 0.043817
0.687984, 0.272009
-1.267528, -0.559894
-0.194506, 0.659029
0.161764, 0.578008
0.696140, 0.514846
0.331370, -0.249249
-0.397327, 0.053354
0.473461, -1.313197
-0.185132, 0.243292
0.040825, 0.774451
0.157006, 0.144962
0.091635, 1.379755
0.636191, -0.669835
0.117810, -0.530537
-0.072705, -0.351850
1.768944, -0.370766
0.164520, -0.283062
0.852864, 0.243486
0.292364, -0.179540
0.490676, -0.101117
0.526973, 0.203354
0.301482, -0.661230
0.035078, -0.007233
0.894682, 0.083669
-0.031748, 1.015842
-0.363026, 0.211863
-0.593077, -0.292117
0.280105, 0.176069
0.059745, -1.111204
0.356007, -0.196879
-0.232492, 0.518018
-0.977936, 0.066308
1.118369, 0.879507
-1.081534, -0.236622
0.111141, 0.924201
0.434868, 0.372739
-0.086752, 0.527074
1.004663, -0.858634
-0.678351, -0.668049
0.303449, 0.786916
0.041388, -0.504551
-0.682296, 0.276860
0.038564, 0.728718
0.751369, 0.243833
0.967754, -0.388794
0.383316, 0.116479
0.309365, 0.226060
-0.478057, -0.213491
0.657739, 0.405966
0.322188, -0.355938
0.049809, 0.490940
-0.575224, -0.156263
0.626606, -0.023287
0.619561, 0.271473
0.495457, 0.268822
-0.233321, -0.015035
0.342565, 0.701733
0.161209, -0.492890
-0.118182, 0.395475
-0.192646, -0.532482
0.781928, -0.097619
0.418233, -0.140397
0.671654, 0.344179
-0.624444, 0.564850
0.893662, 0.514325
-1.311402, -0.527958
-0.034973, 0.648053
-0.086975, 0.609502
0.613953, 0.453961
0.472465, 0.235613
-0.530763, -0.110413
0.229069, -0.708151
-0.190786, 0.347821
0.030823, 0.664482
0.486148, 0.174916
0.236897, 1.504672
0.706800, -0.429318
0.395888, -0.362762
-0.216706, -0.211782
1.548568, 0.195451
0.218125, -0.364206
0.326389, 0.357868
0.871227, -0.296462
0.581380, 0.082722
0.443673, 0.520492
0.842635, -0.188024
0.110665, 0.329928
1.019624, 0.186959
0.247938, 0.808124
-0.679911, 0.329240
-0.114240, 0.202981
0.082642, 0.532106
-0.250628, -0.937525
0.456101, 0.097496
-0.228574, 0.833483
-0.745095, 0.480782
0.909979, 0.558993
-1.502938, -0.446543
0.339070, 0.793598
0.461198, 0.567616
0.391070, 0.566026
1.132246, -0.836776
-0.847065, -0.969512
0.252470, 1.186021
-0.047795, -0.468209
-0.703262, -0.078466
0.185594, 0.714018
0.610568, 0.402396
1.457416, -0.417542
0.653135, 0.295986
0.261719, -0.329448
-0.505887, 0.341994
0.400734, 0.682270
0.038300, -0.330127
-0.051040, 0.695686
-0.237618, -0.255300
0.715248, 0.086716
0.476582, 0.333546
0.029805, -0.233816
-0.481836, 0.086679
0.602859, 0.529822
-0.020363, -0.198802
0.191588, 0.691216
-0.508992, -0.089635
0.585460, -0.018758
0.376876, -0.182806
0.838664, 0.324435
-0.317903, 0.294856
0.517818, 0.195336
-1.498557, -0.823896
-0.224918, 1.187843
0.272123, 0.734791
0.787139, 0.617116
0.277577, 0.246577
-0.381707, 0.047759
0.257297, -0.927201
-0.475850, 0.190437
-0.243639, 0.552034
0.547950, 0.312838
0.297245, 1.322283
1.232168, -0.704276
0.251021, -0.304460
-0.437141, -0.859116
1.549085, -0.304899
0.302522, -0.318192
0.622819, 0.322882
0.811491, 0.276640
0.410983, 0.125572
0.137821, 0.361501
0.499275, 0.056237
0.111461, 0.191949
0.854381, -0.351219
0.279296, 0.824116
-0.433536, -0.092712
-0.340588, 0.234044
0.587175, 0.193518
0.006705, -0.832795
0.377753, 0.208327
-0.183283, 0.627904
-1.016769, 0.200819
0.965983, 0.751110
-1.274151, -0.335823
0.204774, 1.081778
0.508787, 0.361562
0.410929, 0.482815
0.833131, -0.656525
-1.099069, -1.201649
0.394860, 1.020073
-0.140623, -0.341086
-0.511786, 0.054091
0.174117, 1.006017
0.919016, 0.338048
1.218430, -0.667607
0.352443, 0.263964
0.156668, -0.299325
-0.474808, -0.306599
0.455763, 0.584135
0.286759, -0.217507
-0.243297, 0.852548
-0.128407, -0.514849
0.551863, 0.044385
0.274239, 0.399475
0.295563, 0.185003
-0.332038, -0.595570
0.536315, 0.757881
0.083664, -0.226582
-0.182386, 0.971895
-0.181842, -0.561685
0.565337, 0.156743
0.085717, 0.006617
0.892867, 0.364844
-0.480574, -0.266571
0.583073, 0.171073
-1.293964, -0.760072
-0.386756, 0.927299
0.214161, 0.403667
1.027645, 0.503970
0.442608, 0.230409
-0.540202, -0.054675
0.163720, -1.565782
-0.028356, 0.326819
0.184959, 0.600952
0.283147, 0.437635
0.190223, 1.413381
0.791454, -0.593668
0.468954, -0.535029
-0.393018, -0.818145
1.875290, -0.814286
0.649233, -0.049882
0.746953, 0.216242
0.397850, 0.204122
0.785531, 0.095696
0.093680, 0.483851
0.521955, -0.232596
0.030402, 0.178054
0.793844, -0.539347
0.324984, 0.922951
-0.492623, -0.153032
-0.506504, 0.081498
0.592135, 0.067528
0.156865, -0.872727
0.310871, -0.016072
-0.645980, 0.214474
-0.826561, -0.177241
1.438989, 0.853833
-1.109629, -0.392439
0.027768, 1.131591
0.761102, 0.478019
0.113978, 0.479792
0.872412, -0.995431
-1.088080, -1.316587
0.559573, 0.521628
0.405576, -0.433068
-0.568320, 0.034711
-0.242040, 0.933014
1.083943, 0.169505
0.970785, -0.434429
0.332860, 0.360523
-0.119248, -0.019999
-0.695558, -0.521032
0.887421, 0.627371
0.080356, -0.332685
-0.456292, 0.841794
0.008977, -0.373820
0.737022, 0.105647
0.448885, 0.282942
0.132213, -0.000599
-0.567294, -0.537501
0.935323, 0.314585
-0.025094, -0.435585
-0.392365, 1.026959
-0.103852, -0.359847
0.863685, -0.000632
0.434684, 0.031091
0.573146, 0.268511
-0.486956, -0.296728
0.778479, 0.343914
-1.180978, -0.782194
-0.563047, 1.143120
0.613250, 0.462126
0.843421, 0.753955
0.274555, 0.166142
-0.604726, -0.007712
0.088708, -1.288511
-0.245081, 0.121336
0.122220, 0.366703
-0.176977, 0.600223
0.553220, 1.299278
1.303877, -0.673231
0.047905, -0.581225
-0.477077, -0.795717
1.499135, -0.618772
0.589678, -0.181138
0.719260, 0.264376
0.354557, 0.507242
1.113727, -0.006966
0.539946, 0.537891
0.539320, -0.258143
-0.120136, 0.055971
0.672850, -0.483341
0.387310, 1.181778
-0.272087, -0.071783
-0.858619, 0.504731
0.838813, 0.325752
-0.197174, -0.765773
0.230082, 0.035018
-0.481807, 0.583408
-1.192504, -0.301531
1.259542, 0.581291
-1.393640, -0.498151
-0.220412, 1.331269
1.030334, 0.319483
0.398174, 0.595641
0.964789, -0.680040
-0.751001, -0.859512
0.351312, 0.032664
0.347280, -0.367464
-0.638040, 0.106444
-0.588454, 1.455927
1.433867, 0.470942
1.067109, -0.238695
0.514895, 0.386961
0.260567, 0.016281
-0.355145, -0.681108
0.699833, 0.586390
0.119413, -0.534663
-0.788134, 1.026468
0.316620, -0.437499
0.954110, 0.210540
0.432542, 0.486820
0.204399, -0.321818
-0.400436, -0.552381
0.788602, 0.710723
0.262061, -0.467012
-0.848511, 1.140313
0.476089, -0.366545
0.744281, 0.266229
0.551601, 0.342713
0.775552, 0.240255
-0.388238, -0.313715
0.850401, 0.372086
-1.443403, -0.479901
-0.765755, 1.232671
1.018376, 0.503382
0.800055, 0.974672
0.426614, 0.142833
-0.582762, 0.122705
0.262410, -1.547697
-0.294227, -0.010097
-0.193769, 0.445206
-0.407841, 0.609932
0.813546, 1.484880
1.141489, -0.304932
0.294486, -0.401816
-0.133265, -0.628854
1.944295, -0.802666
0.504318, -0.285187
0.478230, 0.052061
-0.006641, 0.526796
1.202479, 0.351856
0.460171, 0.867452
0.452036, -0.109991
0.228192, 0.275242
1.119841, -0.353543
0.183488, 0.983583
-0.626271, 0.015108
-1.103525, 0.275455
1.179047, 0.413330
0.204100, -0.581077
0.295956, 0.127802
-0.361059, 0.637282
-0.927395, -0.244111
1.072942, 0.845632
-1.522797, -0.203686
-0.545428, 1.300034
0.992242, 0.445675
0.387160, 0.691745
0.981057, -0.658321
-0.733388, -0.560444
0.203275, 0.283321
-0.076094, -0.542024
-0.696409, -0.132139
-0.487470, 1.330291
1.403763, 0.520715
1.514899, 0.015255
0.401143, 0.514539
0.505605, 0.187504
-0.456720, -0.720442
0.589486, 0.821294
0.017621, -0.443290
-0.646133, 1.390166
0.692037, -0.429796
1.009923, 0.226254
0.307159, 0.492495
0.510409, -0.236714
-0.312039, -0.421730
0.594557, 0.698949
0.265895, -0.460854
-0.609928, 1.289870
0.586852, -0.457622
0.955566, 0.107232
0.347823, 0.179704
0.976847, 0.358890
-0.439471, -0.113437
0.610280, 0.367192
-1.486302, -0.782442
-0.512662, 1.409170
0.995973, 0.417403
1.011952, 0.732903
0.318503, 0.003723
-0.328538, -0.038810
0.312462, -1.713400
-0.150746, 0.226021
-0.189312, 0.419504
-0.156236, 0.837295
1.260853, 1.378577
0.772496, -0.129579
0.230534, -0.219574
0.198033, -0.329184
1.758828, -0.760624
0.262656, -0.315766
0.302762, -0.047699
0.202284, 0.471818
1.295795, 0.276214
0.443020, 0.769004
0.437837, -0.037082
0.562349, 0.565096
0.979535, -0.389185
0.005828, 0.755629
-0.850451, -0.129127
-0.866716, 0.435375
1.281983, 0.137286
0.332611, -0.580981
0.288044, -0.203569
-0.131774, 0.422646
-0.691640, -0.259766
1.060784, 0.759229
-1.447103, -0.392355
-0.594194, 1.368275
1.238079, 0.496706
0.403659, 0.765803
0.953144, -0.761023
-0.463461, -0.780021
0.588696, 0.434323
-0.181132, -0.213427
-0.900207, -0.169710
-0.570623, 1.178664
1.524187, 0.344435
1.557689, -0.183250
0.277811, 0.337620
0.597829, 0.168773
-0.292672, -0.487451
0.354579, 0.753306
-0.313071, -0.319694
-0.820945, 0.895077
0.184940, -0.207702
1.095741, 0.120732
0.591871, 0.087476
0.499439, 0.263483
-0.054008, -0.837337
0.698157, 0.772709
-0.348970, -0.605823
-0.650571, 1.211578
0.385114, -0.032191
0.855676, 0.431838
0.346633, 0.185204
1.100273, 0.602346
-0.206991, -0.668513
0.469177, 0.565424
-1.606981, -0.900622
-0.625456, 1.462669
0.940076, 0.803236
0.961300, 0.816551
0.398333, 0.094662
-0.307706, 0.369968
0.475882, -1.391747
-0.690639, 0.449336
-0.434365, 0.215917
-0.054144, 0.585805
0.756119, 1.208183
1.443693, -0.440016
0.239725, -0.556930
-0.133347, -0.453163
1.973222, -0.882253
0.231288, 0.166109
0.261347, 0.038333
0.401525, 0.523812
1.286148, 0.162973
0.418946, 0.529452
0.632450, -0.271193
0.236704, 0.176743
1.198650, -0.694213
0.037685, 1.245338
-0.924893, -0.055169
-0.791541, 0.320145
1.198478, 0.194849
0.143014, -0.603546
0.622580, 0.307263
-0.026032, 0.947413
-0.886262, -0.318008
0.867578, 0.774963
-1.821333, -0.318833
-0.205942, 1.216779
1.055140, 0.528708
0.340956, 0.861990
1.210246, -0.646677
-0.683607, -0.632415
0.593236, -0.006826
0.205928, -0.242034
-0.994752, -0.309126
-0.053681, 1.291602
1.498140, 0.513893
1.269429, -0.142993
0.570927, 0.571824
0.556093, 0.369210
-0.180029, -0.694238
0.419161, 0.700812
-0.185447, -0.644122
-0.243622, 0.892101
0.180592, -0.382062
1.183290, 0.205981
0.464369, 0.516510
0.564130, 0.153135
-0.143076, -0.637073
0.590570, 0.823407
-0.240518, -0.651902
-0.316796, 1.017368
0.241322, -0.431905
1.254328, 0.106166
0.397171, 0.152219
0.992746, 0.392545
-0.302821, -0.552939
0.688425, 0.768060
-1.342970, -0.842082
-0.453674, 1.551234
0.956185, 0.394337
0.866876, 0.838491
0.405089, 0.540811
-0.296416, 0.340997
-0.025933, -1.549904
-0.647595, 0.163356
-0.161862, 0.456130
0.063253, 0.478907
0.645296, 1.129260
1.321434, -0.361757
0.110222, -0.484682
-0.053886, -0.622049
1.889571, -1.015425
0.250083, -0.066487
0.393265, 0.061501
0.470458, 0.558647
1.109192, 0.114545
0.528972, 0.524797
0.609642, -0.024150
0.421845, 0.328474
1.143708, -1.137038
0.020091, 1.029256
-0.476504, -0.035211
-0.689376, 0.649280
0.816610, 0.123994
0.055581, -0.574960
0.125512, 0.203775
-0.041310, 0.946174
-0.699015, -0.517159
0.688191, 0.831257
-1.467063, -0.637295
-0.313422, 1.292829
0.988419, 0.250791
0.439131, 0.521865
1.012926, -0.842665
-0.790016, -0.899089
0.483993, 0.160671
-0.301256, -0.246962
-0.665417, -0.041948
-0.394536, 1.169760
1.087823, 0.427622
1.595321, -0.521340
0.314134, 0.215071
0.218109, -0.148837
-0.109223, -0.833528
0.811854, 1.188742
0.142269, -0.400626
-0.572985, 1.093720
0.285917, -0.418498
0.630543, -0.145188
0.458255, 0.473142
0.242000, 0.085607
-0.230873, -0.618816
0.591125, 0.797037
0.010009, -0.499235
-0.623094, 0.948068
0.339659, -0.448518
0.570875, -0.038904
0.466698, -0.030605
0.780484, 0.485682
-0.518295, -0.603543
0.633230, 0.438145
-1.529361, -0.820405
-0.480104, 1.165457
0.917096, 0.575687
0.844944, 0.649466
0.450372, 0.109514
-0.366745, 0.284750
0.738100, -1.961544
-0.227446, 0.374474
-0.302081, 0.657929
-0.221872, 0.693577
0.613522, 1.231126
0.692447, -0.431522
0.215826, -0.577433
-0.218233, -0.547943
1.877447, -0.792590
0.050229, -0.219858
0.326810, 0.170044
-0.028764, 0.205156
1.115149, 0.127289
0.600331, 0.354377
0.504800, -0.354597
0.233238, 0.205977
1.101142, -0.702410
0.087881, 0.964379
-0.793184, -0.026648
-1.134518, 0.370312
0.649367, 0.160599
0.227046, -0.991638
0.173208, -0.061969
-0.530113, 0.653947
-0.943473, -0.268984
0.979909, 0.855448
-1.316237, -0.551067
-0.723203, 1.380898
1.024479, 0.538703
0.378793, 0.362574
0.788458, -0.899752
-0.582822, -0.788989
0.451464, 0.089692
-0.065962, -0.206619
-0.811001, -0.119336
-0.623067, 1.160142
1.564280, 0.257591
1.307992, -0.243137
0.480910, 0.256356
0.487962, 0.188367
-0.496529, -0.969792
0.743752, 0.473627
-0.198775, -0.515995
-0.560972, 1.055212
0.394194, -0.474434
0.674895, 0.105241
0.203072, 0.323586
0.430705, 0.171140
-0.357457, -0.868554
0.482821, 0.443029
0.196000, -0.539049
-0.792106, 0.915118
0.437195, -0.515226
1.058435, -0.032510
0.212023, -0.231371
1.064775, 0.330690
-0.395305, -0.485410
0.631777, 0.385096
-1.525255, -0.722863
-0.582661, 1.325652
0.824870, 0.230344
1.179750, 0.563855
0.276980, -0.126695
-0.542043, -0.167571
0.427607, -1.484655
-0.237079, 0.303144
-0.118559, 0.601455
-0.449654, 0.615636
0.965430, 1.224815
1.082940, -0.810383
0.033456, -0.656595
-0.494440, -0.755825
1.873829, -0.640009
-0.040698, -0.236226
0.321863, 0.378984
-0.060534, 0.356672
1.020684, -0.068493
0.571397, 0.295600
0.560943, -0.544384
0.214840, 0.185049
1.165211, -0.871384
0.108834, 0.868282
-0.680153, 0.245873
-1.151594, 0.438294
1.001460, 0.271320
-0.215457, -0.802553
0.408997, -0.036490
-0.325889, 0.718151
-0.921679, -0.509728
0.911702, 0.760161
-1.389799, -0.602382
-0.510540, 1.511450
0.928978, 0.493578
0.341258, 0.508187
0.735882, -0.867496
-0.608847, -0.797226
0.526789, 0.220381
0.069347, -0.197914
-1.038126, -0.178321
-0.295619, 1.300857
1.379674, 0.019768
1.512786, -0.597008
0.572668, 0.342302
0.369560, 0.009055
-0.148587, -0.850641
0.954173, 1.039934
-0.008255, -0.313335
-0.448690, 1.134052
0.272199, -0.660298
0.607892, 0.158422
0.293942, 0.123210
0.104733, -0.113911
-0.295371, -0.509588
0.594621, 0.666201
-0.319531, -0.471628
-0.504125, 1.073000
0.462241, -0.379470
0.869885, -0.018188
0.425357, -0.123347
0.639622, 0.313621
-0.413927, -0.243480
0.583619, 0.236199
-1.769107, -0.864694
-0.319839, 1.124432
0.745614, 0.552029
1.159680, 0.567929
0.431801, -0.093788
-0.394743, -0.051125
0.557243, -1.686560
-0.079097, 0.344544
-0.612157, 0.418013
0.015003, 0.826071
0.776252, 1.271429
0.959559, -0.288556
0.158495, -0.568414
-0.331096, -0.440957
1.875264, -0.776671
-0.085110, -0.142413
0.097864, 0.059393
0.349124, 0.417676
1.052031, -0.049158
0.638623, 0.547790
0.656509, -0.618457
0.322336, 0.019833
1.247213, -0.466930
-0.019586, 1.008711
-0.954328, 0.064184
-0.629629, 0.634198
0.689088, 0.089099
0.207606, -0.673176
0.335441, -0.179466
-0.141517, 0.649024
-0.720292, -0.574934
0.992398, 0.914597
-1.594557, -0.699502
-0.249812, 1.644287
1.246672, 0.236893
0.464152, 0.681194
0.870458, -0.866658
-0.410506, -0.832147
0.402567, 0.328562
-0.119716, -0.453091
-0.963353, -0.223342
-0.128152, 1.307880
1.477045, 0.070963
1.501173, -0.325123
0.372274, 0.217117
0.405479, -0.178159
-0.330356, -1.064980
0.719119, 0.648000
0.023577, -0.506372
-0.248930, 1.406430
0.412228, -0.630258
0.799095, 0.333507
0.105277, 0.328520
0.559373, 0.112222
-0.447953, -0.800817
0.317938, 0.577379
-0.258034, -0.703035
-0.435451, 1.279449
0.778666, -0.840822
1.139307, 0.215003
0.410266, -0.167157
1.009839, 0.141488
-0.204163, -0.507542
0.651356, 0.086485
-1.384608, -0.874854
-0.147338, 1.619120
0.857451, 0.357947
1.064896, 0.699352
0.189342, -0.135643
-0.389033, -0.140032
0.540652, -1.533215
-0.490712, 0.332568
-0.162039, 0.144716
0.045882, 0.849040
0.947432, 1.378467
1.189389, -0.394248
-0.158206, -0.538428
-0.014748, -0.550918
1.839013, -0.660635
0.010727, -0.223327
0.223267, 0.283207
0.448989, 0.329707
1.181742, -0.478205
0.583101, 0.346758
0.281015, -0.534210
0.358499, 0.087575
1.159295, -0.632830
0.127296, 0.913211
-0.868049, 0.045621
-0.889650, 0.635178
0.938627, 0.074032
-0.078694, -0.545105
0.169762, -0.024736
-0.215867, 0.716473
-0.652118, -0.620115
1.006750, 0.840145
-1.483331, -0.554736
-0.223622, 1.515753
0.967508, 0.319680
0.440015, 0.741284
1.024676, -1.116916
-0.594153, -0.585239
0.835824, 0.257406
-0.041111, -0.416457
-0.797844, -0.341936
-0.159566, 1.322811
1.192367, 0.298322
1.436513, -0.337034
0.337741, 0.196843
0.426954, 0.004980
0.122122, -0.805713
0.754477, 1.139647
0.027980, -0.393849
-0.496217, 1.446574
0.109672, -0.657248
0.586594, -0.026519
0.336058, 0.227526
0.228849, -0.185968
-0.203925, -0.596400
0.722963, 0.995144
-0.025202, -0.514368
-0.258823, 1.053522
0.305279, -0.668853
0.840194, 0.088497
0.226142, -0.236600
0.593599, 0.198926
-0.235119, -0.513244
0.720318, 0.485483
-1.667871, -0.949494
-0.192176, 1.278159
0.760480, 0.586470
0.539536, 0.675114
0.373726, -0.031483
-0.425250, 0.316042
0.540651, -1.854239
-0.178861, 0.296210
-0.360002, 0.319025
0.189975, 0.894599
0.744642, 1.181474
1.046535, -0.288808
0.228605, -0.683625
-0.195368, -0.563739
1.877776, -0.987820
0.165295, -0.333364
0.301135, -0.079743
0.662082, 0.510464
0.918252, -0.020759
0.537884, 0.527571
0.558022, -0.458025
-0.019715, -0.040895
1.250469, -0.457605
0.260839, 1.067892
-0.647114, -0.268477
-0.519508, 0.541928
0.885105, 0.365283
0.169672, -0.831792
0.210748, 0.013966
-0.521485, 0.484755
-0.763638, -0.106208
1.077388, 0.863535
-1.600878, -0.622226
0.024726, 1.345295
0.831399, 0.194933
0.504647, 0.502639
1.097017, -0.861682
-0.549080, -1.084905
0.749124, 0.474452
0.344940, -0.330576
-0.714620, 0.009383
-0.059671, 1.485262
1.174072, 0.160274
1.130630, -0.228613
0.287465, 0.235177
0.255451, 0.122321
-0.379855, -0.684718
0.640191, 0.543462
-0.063053, -0.716621
-0.317067, 1.482577
0.401739, -0.538913
0.961531, 0.115373
0.367419, 0.391722
0.441370, 0.185186
-0.396864, -0.519803
0.490836, 0.555479
-0.104816, -0.836219
-0.438427, 1.288182
0.107999, -0.535271
1.178035, 0.075275
0.393578, -0.022406
0.753085, 0.198923
-0.248250, -0.401632
0.963008, 0.286755
-1.336387, -1.047588
-0.543228, 1.505578
0.732415, 0.570336
1.153755, 0.539303
0.095212, 0.227679
-0.281761, 0.292126
0.455732, -1.475937
-0.504793, 0.269992
-0.018541, 0.164863
-0.101194, 0.886361
0.984603, 0.913672
1.304611, -0.635639
-0.098982, -0.649640
-0.257674, -0.628342
1.717740, -0.410848
0.103974, -0.303160
0.479466, 0.129759
0.258174, 0.463418
1.264948, -0.319737
0.967388, 0.238702
0.526789, -0.384041
0.411858, 0.023644
1.034403, -0.503095
0.257292, 0.904586
-0.494361, 0.015268
-0.667798, 0.642178
1.123138, -0.001430
-0.032194, -0.693282
0.400384, 0.063113
-0.026600, 0.825718
-0.710498, -0.261506
1.040900, 0.512371
-1.317890, -0.802059
-0.262177, 1.334382
1.317462, 0.133457
0.280104, 0.786802
0.831895, -0.821062
-0.396234, -0.663631
0.561272, 0.452862
0.022803, -0.678540
-0.787748, -0.389706
-0.171685, 1.324464
1.454044, 0.164720
1.662377, -0.380971
0.411106, 0.088549
0.560629, -0.064459
0.024360, -0.632623
0.663693, 0.857876
0.199010, -0.680055
-0.562933, 1.286549
0.486465, -0.564875
1.011344, -0.029503
0.096949, 0.232673
0.526018, 0.035710
-0.151570, -0.338803
0.571694, 0.737866
0.082405, -0.675298
-0.694978, 1.086392
0.464042, -0.605533
1.308424, -0.125808
0.192334, -0.002633
1.006942, 0.308254
0.031398, 0.045313
0.947063, 0.593442
-1.214159, -0.774369
-0.452314, 1.569890
1.009218, 0.567219
0.974297, 0.462230
0.422559, -0.059750
-0.291779, 0.166596
0.770133, -1.269193
-0.050521, 0.346974
-0.118988, 0.298218
-0.145366, 0.897045
0.936971, 1.232916
1.160492, -0.373643
0.004984, -0.456966
0.130130, -0.343776
1.915042, -0.452270
0.206730, -0.294670
0.209976, 0.006802
0.498282, 0.533294
1.414630, -0.213804
0.523988, 0.446982
0.650661, -0.142780
0.515520, 0.286454
1.203941, -0.511783
0.390394, 1.084407
-0.728418, -0.156796
-0.582719, 0.860911
1.172741, 0.226377
-0.006207, -0.944324
0.464682, 0.030004
0.135651, 0.969388
-0.482713, -0.032832
1.154860, 0.772400
-1.428893, -0.907622
-0.055140, 1.526754
1.254902, 0.202811
0.759578, 0.435568
1.149991, -0.682452
-0.396504, -0.972937
0.968273, 0.693575
0.250589, -0.237206
-0.345510, -0.298715
0.001778, 1.496472
1.595946, 0.115522
1.458781, -0.465629
0.516032, 0.416549
0.541852, -0.089892
-0.110151, 0.019574
0.930545, 0.843472
0.018455, -0.566630
-0.183231, 1.267636
0.642549, -0.561238
1.001201, 0.004696
0.666258, 0.593691
0.478285, -0.221794
-0.161153, -0.041564
0.787512, 0.765311
-0.206447, -0.613655
0.121132, 1.137241
0.627246, -0.340966
0.861278, 0.050828
0.616660, 0.195701
0.914625, 0.346527
-0.168104, 0.061547
0.918492, 0.327506
-1.392616, -0.822390
-0.252780, 1.578022
1.060761, 0.471090
0.964397, 0.740943
0.360497, 0.409569
-0.208217, 0.498889
0.430525, -0.951584
-0.453729, 0.229142
-0.385741, 0.184481
0.275496, 0.510075
0.822265, 1.238109
1.536697, -0.527296
0.271357, -0.333727
0.011641, -0.400593
1.970203, -0.351787
0.385783, -0.331250
0.409825, 0.051129
0.762877, 0.508427
1.122364, -0.121589
0.545206, 0.376399
0.406492, -0.002911
0.516541, 0.498018
1.227640, -0.155132
0.147629, 0.970566
-0.714416, -0.427305
-0.290500, 0.581277
1.097186, 0.050465
0.284279, -0.712657
0.354489, 0.177278
-0.108983, 0.834324
-0.695798, 0.276104
0.771405, 0.571856
-1.391669, -0.839748
0.140488, 1.194760
0.894022, 0.197865
0.656984, 0.162485
0.916613, -0.679663
-0.588883, -0.953311
0.545535, 0.821803
0.062355, -0.344476
-0.418128, -0.168139
0.256470, 1.246274
1.113109, 0.166088
1.481485, -0.502871
0.384761, 0.552026
0.499007, 0.030454
-0.252644, -0.113988
0.341263, 0.660649
0.318515, -0.447757
-0.169467, 0.944726
0.247484, -0.578594
0.775809, -0.092606
0.158997, 0.194741
0.409169, 0.004279
-0.316487, -0.099511
0.555349, 0.498985
0.156326, -0.639067
-0.079110, 0.839420
0.179596, -0.731028
0.895574, -0.137634
0.358743, -0.219815
0.822487, 0.172974
-0.152505, 0.087711
0.753676, 0.088681
-1.111176, -0.905764
-0.161543, 1.210170
0.590777, 0.474795
0.748390, 0.400639
0.309145, 0.196016
-0.185771, 0.271007
0.705506, -1.108707
-0.591794, 0.117712
0.175212, 0.331132
-0.023197, 0.454352
0.414523, 1.288911
1.017933, -0.480430
-0.091547, -0.718715
-0.297372, -0.585027
1.909174, -0.023297
0.017361, -0.687198
0.699767, -0.016548
0.681180, 0.069449
0.541939, -0.052895
0.648713, -0.011357
0.468010, -0.478792
0.200536, 0.095977
1.259495, -0.091319
0.108155, 0.824840
-0.369115, -0.046397
-0.632850, 0.160478
0.519557, 0.263271
-0.238194, -1.074041
0.127321, -0.229236
-0.207222, 0.602641
-0.545931, 0.386360
0.949142, 0.677039
-1.187072, -0.743471
-0.333665, 1.040408
0.575620, 0.523473
0.196859, 0.425655
0.566180, -0.845721
-0.801440, -0.766249
0.559798, 1.157494
0.030319, -0.559771
-0.593060, -0.079707
-0.110325, 0.808289
0.943086, 0.266645
1.351799, -0.754476
0.450617, 0.095348
0.126238, -0.092398
-0.226170, -0.103189
0.792524, 0.495019
0.222310, -0.585863
-0.049463, 0.911423
-0.129038, -0.362522
0.377601, -0.213373
0.316255, 0.401110
0.317101, 0.272651
-0.430098, -0.074770
0.747328, 0.649753
0.094485, -0.479216
-0.092316, 0.830189
-0.131451, -0.493705
0.615704, -0.078856
0.412820, 0.069481
0.856225, 0.463451
-0.335120, 0.471759
0.674154, -0.035174
-1.355305, -0.912227
0.053885, 0.805524
0.509655, 0.737659
1.003957, 0.583773
0.438602, 0.174582
-0.514221, -0.002896
0.461441, -0.638560
-0.352326, 0.250774
-0.032763, 0.556100
0.216437, 0.548519
0.346542, 1.458987
0.909966, -0.706861
0.143306, -0.401457
-0.354629, -0.611232
1.927945, 0.370472
0.130165, -0.444230
0.395983, 0.380620
0.322740, 0.008743
0.820408, 0.057709
0.428194, 0.055434
0.279825, -0.129485
0.167491, 0.531247
1.118575, 0.392372
-0.124164, 0.703475
-0.919724, 0.102186
-0.351830, 0.065303
0.693725, 0.185168
0.203186, -0.934610
0.270902, 0.008119
-0.162051, 0.809183
-0.627070, 0.436448
1.133902, 0.459124
-1.590079, -0.443828
-0.024845, 1.059135
0.581487, 0.788336
0.084345, 0.634885
0.966648, -1.148000
-0.592224, -0.636495
0.649470, 1.372271
-0.227317, -0.504246
-1.070599, -0.139072
0.025180, 1.107074
1.131200, 0.383958
1.361061, -0.573651
0.009685, 0.486570
0.505826, 0.082532
-0.270202, 0.355822
0.615014, 0.440288
0.073493, -0.567194
0.075604, 0.836167
0.166612, -0.484705
0.896677, -0.105429
0.188671, 0.267536
0.319476, -0.027196
-0.181555, 0.294354
0.675942, 0.508150
0.072689, -0.320372
0.125535, 0.718156
-0.114337, -0.588657
0.758151, -0.184215
0.209605, 0.311873
1.142782, 0.566768
-0.171130, 0.573015
0.629597, 0.277188
-1.330288, -0.739706
-0.014811, 1.140292
0.613708, 0.280906
0.768149, 0.565998
0.340897, 0.269021
-0.232008, 0.187383
0.332157, -0.815658
-0.467569, -0.075355
-0.114401, 0.566478
0.430561, 0.326009
0.552131, 1.360459
1.078791, -0.618979
0.095312, -0.662983
-0.162582, -0.453679
2.086363, -0.065082
0.017248, -0.470114
0.627654, 0.223885
0.706024, 0.303686
0.607540, 0.167263
0.325622, 0.460280
0.300888, -0.415507
0.389057, 0.306910
1.290325, 0.339928
-0.152348, 0.452226
-0.414583, -0.138178
-0.260324, -0.055021
0.388407, 0.311011
0.121380, -1.049888
0.031608, 0.106457
-0.224520, 0.590169
-0.434437, 0.704890
0.950352, 0.802062
-1.160161, -0.414376
-0.026473, 1.007731
0.724446, 0.505296
0.261476, 0.379345
1.035219, -0.746229
-0.834061, -1.051100
0.605587, 1.334126
0.019836, -0.461373
-0.598785, 0.132990
0.200414, 0.846103
0.894310, 0.392751
1.055405, -0.594124
0.365284, 0.318491
0.458137, 0.022667
-0.061110, -0.223276
0.765615, 0.536813
0.156758, -0.502735
0.112470, 0.876141
-0.127178, -0.314415
0.340087, -0.120552
0.350826, 0.509849
0.308033, 0.144304
-0.014935, 0.056312
0.794684, 0.502887
0.092755, -0.519545
0.134302, 0.931086
-0.268650, -0.220046
0.623808, -0.034503
0.417365, 0.297544
0.680749, 0.315503
-0.047927, 0.215349
1.057035, 0.281969
-1.130055, -0.735030
0.149353, 1.222863
0.205215, 0.777199
0.552806, 0.445765
0.388645, 0.368886
-0.986504, -0.307033
0.860539, -0.642434
-0.228251, 0.297595
0.088774, 0.449022
0.365986, 0.488000
0.346818, 1.434477
0.639334, -0.808980
0.155827, -0.262954
-0.436044, -0.737283
1.791106, 0.021694
0.370885, -0.213581
0.526911, 0.332508
0.872470, 0.066327
0.630995, 0.097715
0.346037, 0.402115
0.843676, -0.113688
-0.198552, -0.088877
1.417195, 0.043604
0.583815, 0.760373
-0.543599, 0.092153
-0.323506, 0.279555
0.460009, 0.487312
-0.654648, -0.794594
0.376979, 0.299761
-0.346121, 1.180079
-0.515329, 0.116221
1.066730, 0.402251
-1.568098, -0.662949
-0.093798, 1.429067
0.443545, 0.628793
0.214544, 0.532374
0.940898, -0.739448
-1.019344, -0.786895
0.907026, 1.012371
0.066978, -0.584564
-0.807825, -0.084842
-0.032776, 1.112529
0.682345, 0.396086
1.307651, -0.593753
0.095797, 0.188616
0.050803, -0.238785
-0.074997, 0.118442
0.866643, 0.898396
0.342378, -0.575690
-0.504273, 1.120352
-0.151369, -0.433007
0.601796, -0.413548
0.153889, 0.384948
0.061428, -0.388606
-0.397843, -0.042523
0.950520, 0.617609
0.084441, -0.297059
-0.443288, 1.225606
-0.006040, -0.491607
0.523881, -0.249040
0.439610, 0.199388
0.826620, 0.368743
-0.248108, 0.072167
0.778514, 0.005314
-1.297797, -0.721039
-0.297146, 1.273654
0.606884, 0.610480
0.665770, 0.674912
0.427714, -0.087350
-0.737552, -0.007390
0.530786, -1.119480
-0.115911, -0.181204
-0.121628, 0.340147
0.123150, 0.634279
0.328614, 1.525289
1.089988, -0.634480
-0.145781, -0.793335
-0.378626, -0.687381
1.800885, -0.165734
0.057867, -0.476142
0.906278, 0.082501
0.143030, 0.550698
0.826420, 0.177439
0.519729, 0.052148
0.381025, -0.318611
0.220586, 0.242019
1.274783, 0.015413
0.094165, 0.926541
-0.569805, -0.099683
-0.681272, 0.341060
0.815525, -0.068792
0.098918, -1.160295
0.249095, -0.131748
-0.293369, 0.490949
-0.742843, 0.365906
1.203781, 0.719572
-1.248811, -0.588997
0.035528, 1.181144
0.784179, 0.332851
0.108948, 0.456407
1.000039, -0.793759
-0.756720, -0.941620
0.464473, 0.898775
0.104797, -0.485533
-0.650535, -0.054006
-0.206668, 1.463444
1.373759, 0.297697
0.962189, -0.314729
0.356504, 0.157400
0.288621, 0.206686
-0.457800, -0.033640
0.485296, 0.548637
-0.037250, -0.610231
-0.467369, 0.715972
0.222891, -0.304069
1.132156, -0.020793
0.467967, 0.101051
0.591093, 0.149670
-0.385653, -0.235188
0.816499, 0.713023
-0.095374, -0.424489
-0.127346, 1.249322
0.095670, -0.432561
0.715993, 0.026437
0.412419, -0.041681
0.856523, 0.426484
-0.177817, 0.006339
0.643932, 0.231620
-1.386642, -0.952152
-0.403731, 1.542526
0.864918, 0.897402
0.965963, 0.772945
0.444648, 0.308875
-0.445548, 0.140312
0.477882, -0.981388
-0.408896, 0.335410
-0.078477, 0.148086
0.179554, 0.677736
0.724495, 1.314198
1.297596, -0.516197
0.103108, -0.444204
-0.119359, -0.702837
1.740665, 0.013510
0.269979, -0.180092
0.277035, 0.198277
0.807973, 0.419140
1.147940, 0.091500
0.305261, 0.455478
0.590615, -0.395601
0.315277, 0.214080
1.136343, -0.047856
0.302980, 0.848704
-0.649618, 0.010779
-0.680596, 0.460268
0.978361, 0.094957
-0.051187, -0.627243
0.608050, 0.342992
0.040791, 1.153030
-1.059510, 0.244471
0.756581, 0.665588
-1.743148, -0.518955
0.245948, 1.264534
0.773938, 0.704385
0.628322, 0.738282
1.075752, -0.755735
-0.495529, -0.707616
0.771145, 0.731883
-0.070968, -0.333895
-0.750453, -0.192371
0.010633, 1.189885
1.358395, 0.673842
1.481440, -0.082424
0.371145, 0.430163
0.398440, -0.071927
-0.164583, 0.048042
0.421693, 0.994402
-0.173007, -0.573511
-0.042499, 0.907412
0.238338, -0.272043
1.012992, 0.019110
0.496858, 0.450831
0.519647, 0.150033
-0.550149, -0.062287
0.541546, 0.655161
-0.269283, -0.635834
0.196433, 0.978587
0.060167, -0.272285
0.967847, 0.091933
0.681804, 0.105176
1.004099, 0.489934
-0.143643, -0.087257
0.693040, 0.385084
-1.486164, -0.826611
0.206511, 1.389888
0.487298, 0.819344
0.824548, 0.851653
0.498149, 0.139380
-0.075477, 0.365710
0.582875, -1.289266
-0.417613, 0.364279
-0.275434, 0.136584
0.380635, 0.675804
0.594198, 1.388607
1.251345, -0.274439
0.412129, -0.287616
-0.063591, -0.678895
1.761372, -0.082664
-0.006985, 0.034962
0.418753, -0.164368
0.752666, 0.001594
0.756058, 0.262161
0.720039, 0.388930
0.725384, -0.010541
0.119442, -0.023636
1.014693, -0.197838
0.097862, 0.837620
-0.762414, -0.177801
-0.072482, 0.142880
0.793818, 0.059908
0.018171, -0.695008
0.437444, 0.198430
-0.255228, 0.749773
-0.705298, 0.008051
0.910810, 0.660554
-1.740333, -0.631350
-0.122025, 1.108049
1.075432, 0.721553
0.474905, 0.719618
0.871902, -0.914705
-0.482328, -0.488360
0.715555, 0.581844
-0.073663, -0.362112
-1.061174, -0.323499
0.355437, 0.951719
1.288132, 0.350202
1.568791, -0.546393
0.466119, 0.202492
0.560947, 0.171690
-0.174654, -0.488520
0.469130, 0.773860
-0.000123, -0.647951
-0.256450, 0.919685
0.107072, -0.378575
0.865882, -0.022237
0.381249, 0.359942
0.472256, 0.167348
-0.136276, -0.279156
0.511035, 0.600075
-0.112943, -0.866877
-0.100116, 0.864586
0.268846, -0.442934
1.041360, -0.089032
0.380996, -0.013652
1.218451, 0.565274
-0.414811, -0.015762
0.660194, 0.551350
-1.270996, -0.886376
-0.204792, 1.094090
0.693593, 0.348708
1.205987, 0.259374
0.485089, 0.270617
-0.192419, 0.128933
0.361190, -1.334128
-0.282532, 0.500172
-0.113601, 0.421146
0.201657, 0.196615
0.632396, 1.264626
1.258749, -0.487713
0.174880, -0.456634
0.070617, -0.495926
1.665177, -0.480483
0.189078, -0.181349
0.487497, 0.068268
0.451383, 0.119386
1.131397, -0.270594
0.716657, 0.398860
0.509392, -0.236350
0.324293, 0.478483
1.068845, -0.495301
0.394125, 0.801104
-0.612978, -0.153547
-0.609921, 0.264610
0.950826, -0.060926
0.051780, -0.990494
0.269372, 0.224010
0.175314, 1.152459
-0.754985, -0.382954
0.861526, 0.464119
-1.343593, -0.785118
-0.331657, 1.215780
1.197343, 0.355763
0.652654, 0.471454
0.644181, -0.843635
-0.357039, -0.590995
0.496852, 0.662189
0.125192, -0.488743
-0.550649, -0.257431
-0.363614, 0.987338
1.321440, 0.188209
1.871640, -0.566486
0.341828, 0.182283
0.403146, 0.037280
-0.392433, -0.481621
0.879918, 0.997682
0.408693, -0.663497
-0.578107, 1.072314
0.260292, -0.508477
0.944621, -0.460636
0.346336, 0.349476
0.601843, 0.401986
-0.448907, -0.243147
0.613631, 0.886365
0.021241, -0.657251
-0.729526, 0.663023
0.416784, -0.506967
1.119328, -0.216815
0.337521, 0.042096
1.309777, 0.999219
-0.588876, -0.239552
0.998710, 0.512994
-1.455552, -0.798802
-0.662701, 1.126745
1.020000, 0.406960
1.179646, 0.370547
0.736525, 0.182354
0.043324, 0.314681
0.494902, -1.421224
0.087552, 0.382832
0.015992, 0.174438
-0.248727, 0.521613
0.866456, 1.195722
1.377352, -0.501879
0.277258, -0.172567
0.152166, -0.373130
1.480457, -0.487061
0.463445, 0.125357
0.610189, 0.038225
0.044279, 0.252370
1.393234, -0.181588
0.842892, 0.189386
0.746334, 0.054357
0.523048, 0.322436
0.827680, -0.101227
0.586979, 1.015329
-0.717331, -0.015263
-0.474377, 0.206561
1.162802, -0.091366
0.279503, -1.118196
0.485854, 0.274729
0.236481, 1.110886
-0.883481, -0.115848
1.285301, 0.581983
-1.538898, -0.567528
-0.238353, 1.095686
1.458911, 0.305329
0.359329, 0.425763
0.911944, -0.330280
-0.354501, -0.219526
0.364695, 0.844141
-0.134902, -0.574127
-0.840409, -0.267624
-0.409409, 1.109325
1.546961, 0.271285
1.948153, -0.686844
0.507100, 0.443562
0.696071, 0.074002
-0.325511, 0.129169
0.756865, 0.904766
-0.010646, -0.514182
-0.512940, 0.745651
0.697244, -0.354709
1.309065, -0.337819
0.428108, 0.649895
0.728208, 0.273933
-0.420694, -0.096535
0.915550, 1.031315
-0.154706, -0.554241
-0.477777, 0.830168
0.841338, -0.607206
1.141008, -0.082924
0.463946, 0.578266
1.559195, 1.107484
-0.530786, 0.165053
0.661756, 0.357095
-1.557876, -0.986637
-0.584446, 1.068019
1.230837, 0.328830
1.330176, 0.293784
0.499053, 0.154643
0.158407, 0.574056
0.274478, -1.069214
-0.546432, -0.006065
-0.494947, 0.350394
0.021993, 0.450839
0.815044, 1.105840
1.063041, -0.557112
0.095080, -0.549788
0.226793, -0.199780
1.752875, -0.016773
-0.487810, -0.403627
0.095331, -0.191105
0.284190, -0.067162
0.968188, 0.082512
0.867000, 0.204671
0.602905, -0.282173
0.579310, 0.198894
1.328888, 0.233774
-0.455988, 0.875017
-0.671898, -0.456990
-0.863895, 0.161447
1.129556, -0.077880
0.247886, -0.994480
0.324130, 0.215420
-0.037030, 0.799515
-0.678113, 0.774465
0.391300, 0.543968
-1.714347, -0.654380
-0.545163, 0.660217
1.187174, 0.367251
0.676249, 0.404683
0.840062, -0.983544
-0.724483, -0.799715
0.777132, 1.327589
-0.493119, -0.668840
-1.083758, -0.188835
-0.375456, 0.658948
1.154508, 0.479729
1.359705, -0.741211
0.320138, 0.322536
0.456406, 0.280942
0.004182, 0.231111
0.126210, 0.504994
-0.175223, -0.520884
-0.644286, 0.514945
0.252057, -0.235928
0.827266, 0.189952
0.145922, 0.560929
0.658748, 0.534280
-0.240279, 0.243105
-0.379381, 0.500191
-0.269380, -0.728707
-0.801725, 0.275969
0.002699, -0.378778
1.022983, -0.337614
0.415893, -0.033319
1.064209, 0.432498
-0.024524, 0.515977
0.168240, 0.294316
-1.498077, -0.899451
-0.829539, 0.770751
0.245853, 0.877847
0.896255, 0.549257
0.105746, -0.131803
-0.280665, 0.198019
0.791343, -0.591846
-0.820650, 0.401884
-0.334233, 0.221812
-0.319412, -0.196828
0.374508, 1.502935
1.080946, -0.708138
0.085083, -0.798399
-0.269568, -0.445569
1.863204, 0.163727
-0.277815, -0.371948
0.089403, 0.016563
0.043590, -0.481044
0.633515, 0.203226
0.490127, 0.110854
0.480534, -0.455995
0.020714, 0.435379
1.369026, 0.022241
-0.312995, 0.674820
-0.921625, 0.005773
-1.023862, 0.013865
0.395687, 0.908905
-0.277850, -1.014565
0.041950, -0.139008
-0.334560, 1.118348
-0.517118, 0.504688
0.525230, 0.313956
-1.861615, -0.747235
-0.621249, 0.681568
0.488680, 0.767135
0.431497, 0.421674
0.848013, -1.146003
-0.814525, -0.784192
0.642329, 1.262591
-0.337062, -0.585268
-0.938110, -0.157268
-0.714047, 0.673935
0.600095, 0.703906
1.366956, -0.849211
0.245268, 0.068352
0.215821, -0.066131
-0.220304, 0.345834
0.443804, 0.612149
-0.265943, -0.402763
-1.025613, 0.542824
-0.137923, -0.100602
0.471950, -0.279101
0.527225, 0.037150
0.340036, 0.191501
-0.321218, 0.326996
0.222013, 0.263275
-0.232692, -0.519883
-0.563508, 0.354838
-0.053823, 0.058933
0.714471, -0.233779
0.512311, -0.133304
0.879315, 0.459439
-0.369357, 0.687329
0.189532, 0.084031
-1.504806, -0.884751
-0.670879, 0.519416
0.128810, 1.152364
0.694945, 0.184704
0.408958, 0.266900
-0.557813, 0.044881
0.359273, -0.411974
-0.879771, -0.134675
-0.333390, 0.406213
0.140219, -0.014169
0.315674, 1.568161
1.056034, -0.872285
0.167097, -0.603737
-0.442041, -0.815788
1.930547, 0.287220
-0.185627, -0.613950
0.069397, 0.003638
0.470694, -0.271710
0.701349, 0.551051
0.147981, 0.111989
0.701375, -0.352254
0.024143, 0.124588
1.214773, 0.534650
-0.622813, 0.434755
-1.142765, -0.109159
-0.579751, -0.275510
0.423290, 0.640943
-0.132292, -1.075406
0.338160, -0.052567
-0.214877, 1.046787
-0.706983, 0.913620
0.357356, 0.456507
-1.806333, -0.642236
-0.117541, 0.694209
0.286904, 0.883481
0.432665, 0.241431
0.826884, -1.021392
-0.840667, -0.900672
0.575024, 1.699721
-0.501383, -0.515558
-0.957323, -0.040926
-0.130394, 0.484094
0.769633, 0.741033
1.261130, -0.613100
0.396833, 0.449770
0.317677, 0.139895
-0.534376, 0.651574
-0.108825, 0.712254
-0.404183, -0.487483
-0.094058, 0.451920
-0.171805, 0.147705
0.759996, -0.260728
0.501101, 0.451261
0.385283, 0.297413
-0.455753, 0.240031
0.148216, 0.262609
-0.142780, -0.407150
-0.070980, 0.460962
-0.278336, -0.107486
0.742887, 0.072290
0.375014, 0.303077
1.115858, 0.665673
-0.392387, 0.880999
0.085065, 0.025951
-1.754486, -1.120227
-0.322471, 0.511817
0.365207, 0.947968
0.955952, 0.469895
0.376566, 0.108157
-0.343820, 0.019002
0.406278, -0.413810
-0.772652, 0.087549
-0.257589, 0.404560
0.206168, -0.125826
-0.055580, 1.602924
1.175861, -0.732152
0.101052, -0.629935
-0.140132, -0.557206
1.734946, 0.445927
-0.280222, -0.403015
0.322021, 0.258454
0.616724, -0.380063
0.323069, 0.227642
0.115252, 0.109637
0.524649, -0.046828
0.153672, 0.374985
1.082205, 0.298242
-0.328518, 0.641270
-1.127686, 0.037554
-0.373131, -0.288128
0.251925, 0.358929
-0.118753, -0.819618
0.289709, -0.132323
-0.303678, 0.746191
-0.976258, 0.560718
0.712878, 0.601274
-1.504435, -0.587197
0.172820, 0.553242
-0.014865, 0.663640
0.104818, 0.250379
0.816331, -0.995124
-1.003660, -0.917748
0.529363, 1.051351
-0.321315, -0.392400
-0.646497, -0.375111
-0.053127, 0.722773
0.462267, 0.419244
1.082372, -0.653349
0.242612, 0.320057
0.365856, -0.012879
-0.221520, 0.093146
0.375226, 0.628924
-0.260308, -0.397384
-0.211370, 0.219044
-0.469777, -0.404652
0.624355, -0.221001
0.311061, -0.083703
0.120378, -0.095724
-0.220572, -0.389021
0.661032, 0.672162
-0.065473, -0.627152
-0.133814, 0.569125
-0.309994, -0.433095
0.626775, -0.252406
0.338567, -0.146126
0.707232, 0.299273
-0.175901, -0.027633
0.693019, 0.171500
-1.288828, -0.741204
-0.191653, 0.718379
0.197415, 0.609288
0.862993, 0.586368
0.153502, 0.142157
-0.711824, -0.054850
0.362520, -1.132513
-0.262475, 0.180736
-0.157501, 0.586964
0.000809, -0.013171
0.462326, 1.048141
0.975756, -0.720182
0.083595, -0.530560
-0.473947, -0.731149
1.854397, -0.418337
0.301046, -0.405460
0.305091, 0.378938
0.351922, -0.055048
0.867439, -0.154481
0.158282, 0.221529
0.554741, -0.120183
0.289312, 0.522329
0.852071, -0.380485
0.145664, 0.798770
-0.644910, -0.016253
-0.866528, -0.069734
0.661514, 0.169408
-0.078931, -0.624875
0.195442, 0.041315
-0.278720, 0.989502
-1.026294, 0.045092
0.892878, 0.712618
-1.395256, -0.770319
-0.372011, 0.920804
0.862665, 0.265889
0.434055, 0.340083
0.758089, -0.946530
-0.735794, -0.859951
0.369857, 0.783020
0.112031, -0.372932
-0.563809, -0.215830
-0.171204, 0.691185
1.367390, -0.034012
1.567396, -0.471003
0.155149, 0.576569
0.266202, 0.027115
-0.523296, -0.305323
0.741034, 0.663878
0.138260, -0.337033
-0.459068, 0.605940
0.439738, -0.590437
0.892825, -0.003030
0.309421, 0.473958
0.495962, 0.211879
-0.388324, -0.135728
0.238791, 0.255463
-0.259163, -0.592009
-0.431033, 0.675144
0.590842, -0.393849
1.039100, -0.028065
0.382910, 0.214694
1.210491, 0.503967
-0.216167, -0.158137
0.579397, 0.006789
-1.333569, -0.638731
-0.232860, 1.235109
0.896220, 0.491586
0.907875, 0.652021
0.346621, 0.229454
-0.337553, 0.522116
0.184365, -0.916945
-0.602279, 0.210235
-0.059338, 0.221456
-0.210077, 0.270398
1.361456, 1.248217
1.474845, -0.672629
0.084227, -0.562530
-0.017680, -0.282602
1.599484, -0.021740
-0.033991, -0.103807
0.309821, 0.106539
0.209948, -0.090452
1.219652, 0.222917
0.884060, 0.226568
0.587434, -0.552212
0.336865, 0.236649
1.034959, -0.212150
0.232479, 0.793747
-0.767931, -0.324770
-0.460725, 0.219667
1.216694, 0.244027
-0.003863, -0.792657
0.353680, 0.225232
0.193191, 1.253267
-0.877999, 0.083113
0.794170, 0.641353
-1.732502, -0.720234
-0.331839, 0.947472
1.350986, 0.315995
0.388877, 0.676299
0.865057, -0.615072
-0.314865, -0.383893
0.331425, 0.860371
-0.112946, -0.661675
-1.076688, -0.277178
-0.021973, 0.894241
1.599013, 0.225412
1.612829, -0.473125
0.470355, 0.570584
0.690191, 0.274125
-0.125813, -0.195533
0.402922, 0.515415
-0.078838, -0.729092
-0.256050, 1.017293
0.659179, -0.328650
0.961318, 0.232848
0.394374, 0.793917
0.811262, 0.194755
-0.350383, 0.130482
0.368483, 0.655517
-0.431251, -0.560933
-0.323893, 0.620973
0.678293, -0.365148
1.243975, -0.085875
0.550132, 0.205973
1.221895, 0.643418
-0.399673, 0.213502
0.494367, 0.375975
-1.681219, -0.858488
-0.209180, 1.133839
1.059196, 0.655321
1.138463, 0.692197
0.696049, 0.380744
-0.068054, 0.453300
0.500194, -0.926901
-0.661274, 0.280254
-0.274757, 0.230516
-0.069858, 0.448665
1.156241, 1.791721
1.113876, -0.271661
0.426383, -0.089448
0.224111, -0.061250
1.797697, -0.082146
-0.138287, -0.320228
0.016989, -0.044569
0.624351, 0.240993
1.235529, 0.248710
0.698822, 0.633353
0.839614, -0.052321
0.731213, 0.642775
1.236757, -0.179245
0.079201, 0.628906
-0.923368, -0.348719
-0.555975, 0.285479
1.266560, 0.230298
0.150625, -0.617401
0.359602, 0.218716
0.594338, 1.250403
-0.701306, 0.405482
0.637699, 0.774766
-1.696560, -0.798073
-0.029496, 1.239268
1.184458, 0.598691
0.675138, 0.545469
1.123608, -0.600284
0.019033, -0.419542
0.928066, 1.122304
-0.081893, -0.030792
-0.916506, -0.184052
0.118561, 1.046932
1.501653, 0.189410
1.448546, -0.443758
0.418160, 0.395017
0.731249, 0.387845
-0.119716, -0.020928
0.672188, 0.864218
-0.092897, -0.590019
-0.162688, 1.026437
0.546077, -0.382692
0.902235, 0.240758
0.532580, 0.713845
0.862603, 0.677689
-0.364809, -0.237051
0.491718, 0.669825
-0.589511, -0.551529
-0.031479, 0.743978
0.279512, -0.319364
1.106234, 0.291179
0.774107, 0.223545
1.517855, 0.810304
-0.082919, -0.084972
0.615125, 0.336133
-1.547750, -1.118907
0.043655, 1.154540
0.686630, 0.741575
1.076529, 0.671089
0.738119, 0.540080
0.379968, 0.487158
0.707656, -1.078331
-0.425553, 0.479844
-0.035828, 0.221875
0.304577, 0.347009
0.751553, 1.249556
1.128342, -0.429412
0.250626, -0.287975
0.369472, -0.259861
1.979066, -0.097287
0.162021, -0.115428
0.418374, 0.138169
0.796629, 0.162700
0.911636, -0.121019
0.629416, 0.177302
0.747739, -0.008522
0.700544, 0.150029
1.112313, -0.241188
0.352914, 0.889562
-0.653854, -0.187301
-0.112731, 0.301860
0.844772, 0.187600
0.201934, -0.765452
0.591498, 0.251517
0.236437, 1.254146
-0.734648, -0.097612
1.054746, 0.593031
-1.281841, -0.903780
0.274553, 1.184322
1.001610, 0.568232
0.590633, 0.525487
1.049190, -0.531199
-0.002939, -0.624627
0.830562, 0.820633
0.276482, -0.367193
-0.522211, -0.354392
0.149924, 1.051347
1.026510, 0.274568
1.674302, -0.851368
0.465511, 0.395714
0.779083, 0.313991
-0.077360, -0.092551
0.851014, 1.098503
0.406132, -0.661798
-0.015195, 0.753706
0.189921, -0.625522
0.968750, -0.228772
0.356924, 0.520626
0.684917, 0.333579
-0.148550, -0.176363
0.962630, 0.822490
0.033361, -0.626088
0.007474, 0.634101
-0.026464, -0.480590
1.108155, -0.048000
0.627224, 0.231854
1.381873, 0.843230
-0.127767, -0.051663
1.040267, 0.345353
-1.294838, -1.005278
0.001588, 1.039128
0.744018, 0.678551
0.870318, 0.584293
0.639768, 0.417248
-0.246050, 0.377016
0.453436, -0.898968
-0.319576, -0.079305
0.146713, 0.233584
0.489208, -0.042312
0.484188, 1.769689
1.159307, -0.970349
0.421031, -0.299909
-0.056081, -0.468465
1.920608, -0.030080
0.443101, -0.359670
0.677781, 0.062862
0.898484, -0.305696
0.735710, 0.313924
0.513529, 0.224605
0.836919, -0.028395
0.469912, 0.637353
1.120122, 0.127948
0.096772, 0.880074
-0.461460, -0.107544
-0.626395, -0.264097
0.623483, 0.250439
0.092226, -0.867145
0.573320, 0.223685
-0.256114, 1.058726
-0.945072, 0.604198
0.867731, 0.609562
-1.504325, -0.639503
0.087385, 0.487494
0.609945, 0.603159
0.532483, 0.130394
1.328862, -0.882531
-0.618991, -0.754022
0.564543, 1.018250
0.260867, -0.474386
-0.543892, -0.223499
0.127573, 0.783498
0.856630, 0.609548
1.259888, -0.428049
0.555998, 0.431622
0.562562, 0.461095
-0.331917, 0.528063
0.409184, 0.650949
-0.169259, -0.644608
-0.473488, 0.380591
-0.077812, -0.248901
1.143795, -0.337490
0.291295, 0.491988
0.542722, 0.238213
-0.442475, 0.138670
0.592304, 0.553981
0.087922, -0.654496
-0.074638, 0.505318
-0.131545, -0.232909
1.049083, -0.363811
0.260765, -0.019103
0.748250, 0.395799
-0.305227, 0.457305
0.609232, 0.280796
-1.299321, -0.818855
-0.236717, 0.985022
0.224096, 0.536545
0.735397, 0.342280
0.214993, 0.284817
-0.336195, 0.320296
0.229307, -0.478602
-0.472969, -0.088818
-0.117860, 0.677604
0.186023, -0.013412
0.290994, 1.300678
1.132685, -0.931544
0.252691, -0.513274
-0.246111, -0.779816
1.804222, -0.050683
0.292472, -0.453808
0.636335, 0.221119
0.717700, -0.147683
0.579173, 0.051863
0.388414, 0.184884
0.642801, -0.250998
0.275309, 0.176733
1.070370, 0.222716
0.028161, 0.736594
-0.457138, -0.039189
-0.664626, 0.001722
0.571904, 0.278345
-0.047526, -1.107266
-0.015743, -0.112608
-0.504149, 0.531218
-0.830770, 0.684254
0.808562, 0.442498
-1.260952, -0.461451
-0.215839, 0.481082
0.361176, 0.421331
0.489243, -0.114266
0.589240, -0.972709
-0.811605, -0.926826
0.574862, 1.459337
-0.084816, -0.478755
-0.668419, -0.010805
-0.260720, 0.703164
0.752995, 0.274755
1.185222, -0.775770
0.169603, 0.260308
-0.019077, 0.106746
-0.340669, 0.396160
0.531538, 0.528494
0.248462, -0.410341
-0.352973, 0.438608
-0.297221, -0.180570
0.694491, -0.206067
0.258819, 0.246102
0.071545, -0.029008
-0.296491, 0.422980
0.617788, 0.569559
0.235688, -0.369802
-0.355754, 0.606669
-0.588583, 0.029177
0.817713, -0.659506
0.188686, -0.195538
0.723504, 0.054737
-0.197789, 0.329467
0.736693, 0.484774
-1.170906, -0.622046
-0.320774, 1.097188
0.127010, 0.599904
0.582109, 0.136971
0.262713, 0.188295
-0.709653, -0.110831
0.361685, -0.841990
-0.337164, 0.102787
0.035663, 0.576747
-0.087411, 0.209263
0.272997, 1.518745
0.606536, -0.791769
0.202457, -0.438432
-0.257183, -0.654498
1.929243, -0.081907
0.333365, -0.488790
0.354438, 0.248504
0.693720, 0.011476
0.398556, 0.428098
0.206786, 0.311405
0.834107, -0.124694
0.078229, 0.170211
1.115889, 0.043001
0.349600, 0.828634
-0.455012, -0.022511
-0.598216, 0.271031
0.341186, 0.695300
-0.392288, -0.893423
0.197529, 0.139229
-0.485035, 0.644163
-0.618873, 0.725601
1.079556, 0.623651
-1.193563, -0.526077
-0.137314, 0.937719
0.476090, 0.904799
0.103513, 0.263868
0.677894, -0.889866
-0.920011, -1.090467
0.651111, 1.260033
0.111486, -0.554427
-0.802309, -0.176389
-0.059687, 0.896711
0.892294, 0.607517
1.097047, -0.596478
0.660399, 0.343571
0.095696, 0.127033
-0.285457, 0.119308
0.589095, 0.700323
0.212394, -0.298427
-0.318209, 0.981658
-0.195023, 0.074095
0.421542, 0.120419
0.278551, 0.532454
0.218099, 0.378693
-0.375658, 0.147411
0.516545, 0.273936
-0.034658, -0.628244
-0.108396, 0.849029
-0.110944, -0.062581
0.978214, 0.068101
0.489731, 0.022379
0.711246, 0.449342
-0.329760, 0.046286
0.736299, 0.216085
-1.313470, -0.676148
0.059352, 1.174717
0.521826, 0.794509
0.818377, 0.566773
0.374262, 0.124533
-0.513462, 0.150335
0.182708, -0.727737
-0.376589, 0.217188
0.144512, 0.412934
-0.002445, 0.464175
0.262748, 1.637804
0.955726, -0.589688
0.239206, -0.457784
-0.338127, -0.576870
1.833856, 0.107484
0.234529, -0.282345
0.399321, 0.011028
0.583269, 0.257204
0.873027, 0.306967
0.438365, 0.391688
0.422308, -0.339029
0.013333, -0.057153
1.206701, -0.156106
0.297294, 0.919216
-0.666280, 0.129527
-0.362625, 0.402591
0.680696, 0.645765
-0.332045, -0.853897
0.360780, 0.225893
-0.279380, 0.879338
-0.747797, 0.299762
0.883539, 0.590348
-1.387877, -0.272513
-0.128087, 1.180034
0.576307, 0.846245
0.138583, 0.774092
0.847171, -0.635264
-0.895394, -0.648337
0.650203, 0.994046
-0.196950, -0.661063
-0.799813, 0.115543
-0.201762, 0.918701
0.863244, 0.735241
1.272641, -0.458391
0.406155, 0.218150
0.075552, -0.167473
0.073708, -0.200301
0.703407, 0.709083
0.138023, -0.249277
-0.289309, 0.750232
-0.324725, 0.163781
0.469329, 0.139102
0.387410, 0.182359
0.041674, -0.221868
-0.191064, 0.116557
0.616894, 0.815985
0.076379, -0.549246
-0.559765, 0.845679
-0.152818, 0.105266
0.649312, -0.082739
0.372110, 0.034944
0.492950, 0.058050
-0.172067, 0.360051
0.668947, 0.286045
-1.550421, -0.783919
-0.043631, 0.700977
0.007116, 0.941534
0.924467, 0.532525
0.505735, 0.066074
-0.874550, -0.316628
0.586009, -1.217539
-0.061229, 0.334498
0.071236, 0.620747
0.406909, 0.504381
0.101711, 2.124521
0.467244, -0.355774
0.201498, -0.459738
-0.705390, -0.618473
1.584833, -0.186779
0.140218, -0.554757
0.526273, 0.302089
0.755108, 0.028905
0.431573, 0.460740
0.131443, 0.180788
0.874809, 0.041172
-0.077890, 0.312660
1.087889, -0.259239
0.413905, 0.836458
-0.824091, -0.092913
-0.335011, 0.052619
0.400153, 0.719357
-0.372836, -0.764548
0.651747, 0.132885
-0.636047, 0.646804
-0.719363, -0.271117
0.983330, 0.716644
-1.507987, -0.783130
-0.219894, 1.173521
0.426979, 0.901235
0.099384, 0.648697
1.016515, -0.730578
-1.127347, -0.838798
0.602491, 0.854192
-0.081980, -0.458748
-0.666508, 0.044671
-0.048792, 0.978801
0.823897, 0.616719
1.426595, -0.525437
0.529422, 0.321485
-0.031329, -0.257037
-0.205295, -0.223413
0.649171, 0.583226
0.031019, -0.265783
-0.175606, 0.789969
-0.441100, 0.025677
0.588758, -0.064096
0.234382, 0.342941
-0.029654, -0.018266
-0.498832, -0.012727
0.560365, 0.355774
-0.154136, -0.485756
-0.180719, 0.562656
-0.120043, -0.200645
0.812244, -0.042508
0.273031, -0.089190
0.662018, 0.514835
-0.346920, -0.239110
0.755035, 0.116734
-1.472323, -0.657934
-0.552489, 1.331366
0.112307, 0.833002
0.755585, 0.605172
0.070080, 0.421066
-0.764410, 0.285488
0.427527, -1.602179
-0.429689, -0.046252
0.028339, 0.254638
0.178363, 0.557575
0.284828, 1.400266
1.200354, -0.593047
-0.120757, -0.782973
-0.463564, -0.868481
1.799186, -0.329103
0.307686, -0.294985
0.664063, 0.244112
0.548339, 0.333862
0.841188, 0.242051
0.539253, 0.232957
0.396346, -0.140661
-0.129466, 0.049550
1.163414, -0.186967
0.152462, 0.760229
-0.451792, 0.001600
-0.818904, 0.192971
0.595157, 0.186149
-0.245968, -1.079034
0.009013, 0.113354
-0.656642, 0.554867
-0.890827, 0.109730
1.138603, 0.425447
-1.450894, -0.164794
-0.262108, 0.993549
0.578209, 0.561359
0.204111, 0.548177
0.967448, -0.774150
-0.866349, -0.611997
0.322701, 0.662481
0.062823, -0.625055
-0.524450, 0.316323
-0.181455, 1.060538
0.921382, 0.551207
1.134899, -0.228095
0.032534, 0.446774
0.356193, 0.451397
-0.391428, -0.391067
0.463413, 0.393903
0.046767, -0.339384
-0.453413, 0.964058
0.088088, -0.146567
0.841150, 0.167553
0.393030, 0.268224
0.089857, 0.066486
-0.144897, -0.432850
0.708838, 0.649100
0.094597, -0.552496
-0.185830, 1.007575
-0.099189, -0.260034
0.755425, -0.072290
0.400043, -0.107935
0.505517, 0.181945
-0.186088, 0.047610
0.908305, 0.182480
-1.302222, -0.909436
-0.418350, 1.167477
0.710555, 0.919788
0.941414, 0.730938
0.153382, 0.057162
-0.875301, 0.081926
0.199659, -1.169110
-0.334549, 0.179468
-0.402954, 0.498078
0.026760, 0.111081
0.590755, 1.633378
1.054540, -0.467858
0.249175, -0.573984
-0.611360, -0.674929
1.895114, -0.381428
0.630283, -0.118092
0.720297, 0.266441
0.313827, 0.475076
0.851888, 0.455348
0.069272, 0.560141
0.477577, -0.361468
-0.310106, 0.336207
1.132309, -0.227194
-0.143988, 0.998769
-0.969470, -0.051822
-0.540438, 0.200522
0.678999, 0.349321
0.134544, -0.888017
0.419563, 0.046947
-0.479644, 0.599114
-0.724392, -0.009453
1.073795, 0.456077
-1.639683, -0.556757
0.021904, 1.361374
0.628056, 0.719744
0.386134, 0.735240
1.243635, -0.932934
-0.738526, -0.631193
0.641140, 0.900578
-0.380362, -0.714583
-1.126945, -0.251559
-0.275468, 1.042004
0.945966, 0.747616
1.390427, -0.358521
0.259343, 0.405704
0.121648, -0.077503
-0.010386, -0.034545
0.677469, 0.631112
-0.264731, -0.676947
0.065222, 1.124632
-0.089712, -0.040146
0.925042, 0.099346
0.400975, 0.343136
0.142650, -0.144976
-0.419957, -0.059466
0.720910, 0.877710
0.357039, -0.348357
-0.390162, 0.885256
0.109636, -0.273216
0.853146, 0.007572
0.290944, 0.290433
0.645379, 0.591850
-0.446203, 0.233117
0.514139, 0.191131
-1.760396, -0.640597
-0.183633, 1.125407
0.545792, 0.849795
1.162168, 0.858367
0.482165, -0.020873
-0.500916, 0.204389
0.576830, -1.353794
-0.398311, 0.036770
-0.207178, 0.375868
0.466102, 0.580454
0.215577, 1.484770
1.140838, -0.360578
0.293549, -0.291395
-0.252271, -0.323854
1.808416, -0.301178
0.054781, 0.095474
0.467182, 0.210796
0.367706, 0.212057
1.085088, 0.214601
0.543396, 0.580500
0.289916, -0.113464
0.071473, 0.072117
1.105143, -0.167130
0.036022, 0.916084
-0.696382, 0.020411
-0.661704, 0.119110
0.708203, 0.281226
0.300993, -0.984023
0.179354, 0.108692
-0.904488, 0.311419
-0.659444, 0.055444
1.178209, 0.868699
-1.303981, -0.333447
-0.308470, 1.250636
0.608877, 0.681073
0.208367, 0.434707
0.924911, -0.669520
-0.868277, -0.686956
0.589232, 0.514723
0.350719, -0.327146
-0.507026, 0.056602
-0.176282, 1.225945
1.190740, 0.510332
0.972895, -0.113805
0.115960, -0.107907
-0.110009, 0.804263
0.295590, 1.129397
0.327471, -0.698020
1.237287, 0.419750
-0.897112, -0.632030
-0.139287, 0.338633
0.245980, -0.527696
